episode,total_reward,cache_hits,cache_misses,soft_hits,epsilon,lr
0,1933592.5,52183,43801,0.0,0.9901,0.0009941171
1,2095585.0,56239,39745,0.0,0.9802,0.0009882688
2,2078455.0,55935,40049,0.0,0.9705,0.0009824549
3,2040042.5,55047,40937,0.0,0.9608,0.0009766751
4,2123170.0,56953,39031,0.0,0.9513,0.0009709294
5,1983647.5,53603,42381,0.0,0.9418,0.0009652175
6,2018000.0,54381,41603,0.0,0.9325,0.0009595392
7,2237960.0,59825,36159,0.0,0.9232,0.0009538943
8,1937485.0,52119,43865,0.0,0.914,0.0009482827
9,2048595.0,55238,40746,0.0,0.905,0.0009427040
10,2109067.5,56822,39162,0.0,0.896,0.0009371581
11,2178340.0,58821,37163,0.0,0.8871,0.0009316449
12,2100805.0,56632,39352,0.0,0.8783,0.0009261641
13,2016945.0,54274,41710,0.0,0.8695,0.0009207156
14,1971345.0,53073,42911,0.0,0.8609,0.0009152991
15,2094617.5,56441,39543,0.0,0.8523,0.0009099144
16,2145462.5,57502,38482,0.0,0.8439,0.0009045615
17,1903325.0,51660,44324,0.0,0.8355,0.0008992400
18,2088427.5,55771,40213,0.0,0.8272,0.0008939498
19,1965142.5,52838,43146,0.0,0.819,0.0008886908
20,1956327.5,52989,42995,0.0,0.8108,0.0008834627
21,2168842.5,57844,38140,0.0,0.8028,0.0008782654
22,2000615.0,53565,42419,0.0,0.7948,0.0008730986
23,1888140.0,50689,45295,0.0,0.7869,0.0008679622
24,1997705.0,53704,42280,0.0,0.7791,0.0008628561
25,2111600.0,56441,39543,0.0,0.7713,0.0008577800
26,1922912.5,51722,44262,0.0,0.7637,0.0008527337
27,2113957.5,56675,39309,0.0,0.7561,0.0008477171
28,1983227.5,53368,42616,0.0,0.7486,0.0008427301
29,2070325.0,55982,40002,0.0,0.7411,0.0008377724
30,2123960.0,56898,39086,0.0,0.7338,0.0008328438
31,1971090.0,53334,42650,0.0,0.7265,0.0008279443
32,2053142.5,55371,40613,0.0,0.7193,0.0008230735
33,2043360.0,55303,40681,0.0,0.7121,0.0008182315
34,2121260.0,56705,39279,0.0,0.705,0.0008134179
35,2103922.5,56277,39707,0.0,0.698,0.0008086326
36,2105875.0,56880,39104,0.0,0.6911,0.0008038755
37,2088247.5,56018,39966,0.0,0.6842,0.0007991463
38,2084605.0,56213,39771,0.0,0.6774,0.0007944450
39,2142267.5,57346,38638,0.0,0.6707,0.0007897714
40,1897297.5,51496,44488,0.0,0.664,0.0007851252
41,1884505.0,50995,44989,0.0,0.6574,0.0007805064
42,2107940.0,56556,39428,0.0,0.6509,0.0007759147
43,1882025.0,50825,45159,0.0,0.6444,0.0007713501
44,2145047.5,57866,38118,0.0,0.638,0.0007668123
45,2080720.0,55972,40012,0.0,0.6317,0.0007623012
46,2255700.0,60376,35608,0.0,0.6254,0.0007578166
47,2000432.5,53488,42496,0.0,0.6192,0.0007533584
48,2138452.5,57314,38670,0.0,0.6131,0.0007489265
49,2241087.5,59612,36372,0.0,0.607,0.0007445206
50,2137980.0,57216,38768,0.0,0.6009,0.0007401406
51,2043902.5,55005,40979,0.0,0.595,0.0007357865
52,2085830.0,55957,40027,0.0,0.589,0.0007314579
53,2118200.0,56696,39288,0.0,0.5832,0.0007271548
54,1961302.5,52882,43102,0.0,0.5774,0.0007228770
55,2201667.5,58776,37208,0.0,0.5717,0.0007186243
56,2139137.5,57036,38948,0.0,0.566,0.0007143967
57,1975055.0,53235,42749,0.0,0.5604,0.0007101940
58,2020765.0,54434,41550,0.0,0.5548,0.0007060160
59,2151467.5,57746,38238,0.0,0.5493,0.0007018625
60,1946850.0,53153,42831,0.0,0.5438,0.0006977335
61,2228180.0,59240,36744,0.0,0.5384,0.0006936288
62,1902227.5,51214,44770,0.0,0.5331,0.0006895483
63,2176215.0,57910,38074,0.0,0.5278,0.0006854917
64,2115085.0,56624,39360,0.0,0.5225,0.0006814590
65,2172167.5,58130,37854,0.0,0.5173,0.0006774500
66,1958415.0,52907,43077,0.0,0.5122,0.0006734647
67,2143195.0,57230,38754,0.0,0.5071,0.0006695027
68,2217215.0,58830,37154,0.0,0.5021,0.0006655641
69,1982135.0,52846,43138,0.0,0.4971,0.0006616486
70,1955702.5,52621,43363,0.0,0.4921,0.0006577562
71,1962800.0,52871,43113,0.0,0.4873,0.0006538867
72,2045575.0,55373,40611,0.0,0.4824,0.0006500399
73,2244565.0,59814,36170,0.0,0.4776,0.0006462158
74,2077755.0,55702,40282,0.0,0.4729,0.0006424141
75,2045170.0,54586,41398,0.0,0.4682,0.0006386349
76,2028715.0,55146,40838,0.0,0.4635,0.0006348778
77,1879687.5,51382,44602,0.0,0.4589,0.0006311429
78,1796897.5,49339,46645,0.0,0.4544,0.0006274299
79,2101325.0,57258,38726,0.0,0.4498,0.0006237388
80,2039667.5,54745,41239,0.0,0.4454,0.0006200694
81,2246015.0,59654,36330,0.0,0.4409,0.0006164216
82,2082530.0,55868,40116,0.0,0.4366,0.0006127952
83,1992657.5,53626,42358,0.0,0.4322,0.0006091902
84,1947687.5,52537,43447,0.0,0.4279,0.0006056064
85,2045430.0,55178,40806,0.0,0.4237,0.0006020436
86,1993002.5,53846,42138,0.0,0.4195,0.0005985018
87,2019442.5,54673,41311,0.0,0.4153,0.0005949809
88,2042387.5,55106,40878,0.0,0.4112,0.0005914807
89,1975947.5,53310,42674,0.0,0.4071,0.0005880010
90,2169935.0,58017,37967,0.0,0.403,0.0005845419
91,2120070.0,56775,39209,0.0,0.399,0.0005811031
92,1848805.0,49821,46163,0.0,0.3951,0.0005776845
93,1896950.0,50657,45327,0.0,0.3912,0.0005742860
94,2090762.5,55389,40595,0.0,0.3873,0.0005709075
95,1955845.0,52571,43413,0.0,0.3834,0.0005675489
96,1990675.0,53056,42928,0.0,0.3796,0.0005642101
97,2077382.5,55564,40420,0.0,0.3758,0.0005608909
98,1876765.0,51898,44086,0.0,0.3721,0.0005575912
99,2172060.0,58058,37926,0.0,0.3684,0.0005543109
100,2000612.5,53454,42530,0.0,0.3647,0.0005510500
101,2052335.0,55194,40790,0.0,0.3611,0.0005478082
102,2102430.0,56007,39977,0.0,0.3575,0.0005445855
103,2086145.0,55382,40602,0.0,0.354,0.0005413817
104,2123435.0,56915,39069,0.0,0.3505,0.0005381968
105,1922230.0,51844,44140,0.0,0.347,0.0005350306
106,2106882.5,57098,38886,0.0,0.3435,0.0005318831
107,2070032.5,55878,40106,0.0,0.3401,0.0005287541
108,1967430.0,53871,42113,0.0,0.3367,0.0005256434
109,2130050.0,57206,38778,0.0,0.3334,0.0005225511
110,2182930.0,58401,37583,0.0,0.3301,0.0005194770
111,2011950.0,53863,42121,0.0,0.3268,0.0005164210
112,1844395.0,50127,45857,0.0,0.3236,0.0005133829
113,2071095.0,55223,40761,0.0,0.3203,0.0005103627
114,2019072.5,55255,40729,0.0,0.3172,0.0005073603
115,1794087.5,49738,46246,0.0,0.314,0.0005043755
116,2023497.5,55336,40648,0.0,0.3109,0.0005014083
117,2041035.0,55842,40142,0.0,0.3078,0.0004984586
118,2120810.0,57450,38534,0.0,0.3047,0.0004955262
119,1930002.5,53308,42676,0.0,0.3017,0.0004926110
120,2152545.0,58626,37358,0.0,0.2987,0.0004897130
121,1908492.5,52394,43590,0.0,0.2957,0.0004868321
122,1917772.5,52838,43146,0.0,0.2928,0.0004839681
123,1969267.5,53947,42037,0.0,0.2899,0.0004811210
124,1968037.5,53993,41991,0.0,0.287,0.0004782906
125,1955572.5,53704,42280,0.0,0.2842,0.0004754768
126,2015180.0,54667,41317,0.0,0.2813,0.0004726796
127,2061967.5,55918,40066,0.0,0.2785,0.0004698989
128,1891755.0,51890,44094,0.0,0.2758,0.0004671345
129,1937355.0,53108,42876,0.0,0.273,0.0004643864
130,2121767.5,56523,39461,0.0,0.2703,0.0004616544
131,2060790.0,55260,40724,0.0,0.2676,0.0004589386
132,2122120.0,56502,39482,0.0,0.265,0.0004562387
133,2150817.5,57493,38491,0.0,0.2623,0.0004535546
134,1817507.5,49819,46165,0.0,0.2597,0.0004508864
135,1928095.0,52000,43984,0.0,0.2572,0.0004482339
136,2057887.5,54923,41061,0.0,0.2546,0.0004455970
137,1891522.5,52087,43897,0.0,0.2521,0.0004429755
138,2000220.0,54171,41813,0.0,0.2496,0.0004403696
139,2076605.0,55466,40518,0.0,0.2471,0.0004377789
140,2066205.0,55251,40733,0.0,0.2446,0.0004352035
141,1859455.0,49519,46465,0.0,0.2422,0.0004326432
142,2112847.5,56206,39778,0.0,0.2398,0.0004300980
143,1965995.0,52648,43336,0.0,0.2374,0.0004275678
144,1921852.5,51927,44057,0.0,0.2351,0.0004250524
145,2046545.0,54709,41275,0.0,0.2327,0.0004225519
146,1963427.5,53209,42775,0.0,0.2304,0.0004200660
147,2032317.5,55142,40842,0.0,0.2281,0.0004175948
148,1867957.5,51864,44120,0.0,0.2259,0.0004151381
149,1860700.0,51742,44242,0.0,0.2236,0.0004126959
150,2083902.5,56568,39416,0.0,0.2214,0.0004102681
151,1894402.5,51667,44317,0.0,0.2192,0.0004078545
152,1879565.0,51978,44006,0.0,0.217,0.0004054551
153,2251315.0,60711,35273,0.0,0.2149,0.0004030698
154,2033735.0,55864,40120,0.0,0.2127,0.0004006986
155,1928090.0,52754,43230,0.0,0.2106,0.0003983413
156,1805245.0,50202,45782,0.0,0.2085,0.0003959979
157,1980905.0,54951,41033,0.0,0.2064,0.0003936683
158,1826930.0,50693,45291,0.0,0.2044,0.0003913524
159,1965467.5,54273,41711,0.0,0.2024,0.0003890501
160,2100820.0,56051,39933,0.0,0.2003,0.0003867613
161,1809540.0,49893,46091,0.0,0.1984,0.0003844860
162,2098737.5,57099,38885,0.0,0.1964,0.0003822241
163,1744820.0,49048,46936,0.0,0.1944,0.0003799755
164,1983100.0,54551,41433,0.0,0.1925,0.0003777402
165,2008287.5,55374,40610,0.0,0.1906,0.0003755180
166,1991600.0,54257,41727,0.0,0.1887,0.0003733088
167,2004387.5,55760,40224,0.0,0.1868,0.0003711127
168,2175755.0,59294,36690,0.0,0.185,0.0003689294
169,1932990.0,53319,42665,0.0,0.1831,0.0003667591
170,2066007.5,57261,38723,0.0,0.1813,0.0003646014
171,2029712.5,55365,40619,0.0,0.1795,0.0003624565
172,1950077.5,54321,41663,0.0,0.1777,0.0003603242
173,1933370.0,53198,42786,0.0,0.176,0.0003582045
174,1909842.5,52641,43343,0.0,0.1742,0.0003560972
175,1938992.5,52087,43897,0.0,0.1725,0.0003540023
176,2081342.5,56852,39132,0.0,0.1708,0.0003519197
177,1917500.0,52491,43493,0.0,0.1691,0.0003498494
178,1897152.5,53133,42851,0.0,0.1674,0.0003477913
179,1908237.5,52820,43164,0.0,0.1657,0.0003457452
180,1802902.5,50524,45460,0.0,0.1641,0.0003437112
181,1866165.0,51684,44300,0.0,0.1624,0.0003416892
182,2088330.0,56351,39633,0.0,0.1608,0.0003396791
183,2076272.5,55608,40376,0.0,0.1592,0.0003376808
184,1770655.0,49851,46133,0.0,0.1577,0.0003356942
185,1779130.0,49781,46203,0.0,0.1561,0.0003337194
186,1900595.0,52093,43891,0.0,0.1545,0.0003317561
187,1724177.5,49435,46549,0.0,0.153,0.0003298044
188,2100105.0,56022,39962,0.0,0.1515,0.0003278642
189,2022787.5,56266,39718,0.0,0.15,0.0003259354
190,2025800.0,55868,40116,0.0,0.1485,0.0003240180
191,1754522.5,49299,46685,0.0,0.147,0.0003221118
192,2014707.5,56091,39893,0.0,0.1455,0.0003202168
193,1965842.5,54127,41857,0.0,0.1441,0.0003183330
194,1776365.0,49635,46349,0.0,0.1427,0.0003164603
195,1750275.0,49779,46205,0.0,0.1413,0.0003145986
196,1809905.0,51829,44155,0.0,0.1398,0.0003127478
197,1729407.5,49071,46913,0.0,0.1385,0.0003109079
198,1851825.0,51436,44548,0.0,0.1371,0.0003090789
199,1755067.5,49511,46473,0.0,0.1357,0.0003072606
200,1842997.5,50925,45059,0.0,0.1344,0.0003054530
201,1912692.5,52995,42989,0.0,0.133,0.0003036561
202,1751440.0,49804,46180,0.0,0.1317,0.0003018697
203,1868600.0,52370,43614,0.0,0.1304,0.0003000938
204,1985457.5,53999,41985,0.0,0.1291,0.0002983284
205,2001150.0,53743,42241,0.0,0.1278,0.0002965733
206,2124822.5,56984,39000,0.0,0.1266,0.0002948286
207,2054972.5,55306,40678,0.0,0.1253,0.0002930942
208,1822140.0,51418,44566,0.0,0.1241,0.0002913699
209,1943677.5,52660,43324,0.0,0.1228,0.0002896558
210,1887050.0,52960,43024,0.0,0.1216,0.0002879518
211,1853890.0,52255,43729,0.0,0.1204,0.0002862578
212,1893120.0,52905,43079,0.0,0.1192,0.0002845737
213,1715890.0,49933,46051,0.0,0.118,0.0002828996
214,1702980.0,49211,46773,0.0,0.1168,0.0002812353
215,1885175.0,53931,42053,0.0,0.1157,0.0002795809
216,1830092.5,51363,44621,0.0,0.1145,0.0002779361
217,2013272.5,56567,39417,0.0,0.1134,0.0002763010
218,1922815.0,51838,44146,0.0,0.1123,0.0002746756
219,2061967.5,54816,41168,0.0,0.1112,0.0002730597
220,1901160.0,51711,44273,0.0,0.11,0.0002714533
221,1960545.0,52384,43600,0.0,0.109,0.0002698564
222,2157657.5,57067,38917,0.0,0.1079,0.0002682688
223,2028705.0,54105,41879,0.0,0.1068,0.0002666906
224,2039362.5,54409,41575,0.0,0.1057,0.0002651217
225,2115500.0,56158,39826,0.0,0.1047,0.0002635620
226,1926450.0,52121,43863,0.0,0.1036,0.0002620115
227,2199107.5,58873,37111,0.0,0.1026,0.0002604701
228,2099332.5,56246,39738,0.0,0.1016,0.0002589378
229,1916742.5,51590,44394,0.0,0.1006,0.0002574144
230,1985827.5,53207,42777,0.0,0.0996,0.0002559001
231,2073910.0,55497,40487,0.0,0.0986,0.0002543947
232,1993837.5,53786,42198,0.0,0.0976,0.0002528981
233,1986075.0,53214,42770,0.0,0.0966,0.0002514103
234,1955660.0,52103,43881,0.0,0.0957,0.0002499313
235,2091987.5,55340,40644,0.0,0.0947,0.0002484609
236,2171482.5,57370,38614,0.0,0.0938,0.0002469993
237,2043385.0,54402,41582,0.0,0.0929,0.0002455462
238,1958817.5,52082,43902,0.0,0.0919,0.0002441017
239,2183535.0,57892,38092,0.0,0.091,0.0002426656
240,2022840.0,53826,42158,0.0,0.0901,0.0002412380
241,2236272.5,58901,37083,0.0,0.0892,0.0002398189
242,1930965.0,51724,44260,0.0,0.0883,0.0002384080
243,2042885.0,54896,41088,0.0,0.0875,0.0002370055
244,2047342.5,55122,40862,0.0,0.0866,0.0002356112
245,2215520.0,58915,37069,0.0,0.0857,0.0002342251
246,2225260.0,59715,36269,0.0,0.0849,0.0002328472
247,1821467.5,49503,46481,0.0,0.084,0.0002314774
248,2031910.0,53881,42103,0.0,0.0832,0.0002301156
249,2001912.5,53163,42821,0.0,0.0824,0.0002287619
250,2204280.0,58266,37718,0.0,0.0816,0.0002274161
251,1991037.5,53210,42774,0.0,0.0807,0.0002260782
252,2074612.5,55385,40599,0.0,0.0799,0.0002247482
253,1904835.0,51436,44548,0.0,0.0792,0.0002234260
254,2003992.5,54137,41847,0.0,0.0784,0.0002221116
255,1907037.5,51438,44546,0.0,0.0776,0.0002208050
256,2144995.0,57405,38579,0.0,0.0768,0.0002195060
257,2103415.0,56029,39955,0.0,0.0761,0.0002182146
258,2144542.5,57309,38675,0.0,0.0753,0.0002169309
259,2026172.5,54390,41594,0.0,0.0745,0.0002156547
260,1861167.5,49913,46071,0.0,0.0738,0.0002143860
261,2087127.5,56055,39929,0.0,0.0731,0.0002131248
262,1997402.5,53711,42273,0.0,0.0723,0.0002118710
263,2053992.5,55123,40861,0.0,0.0716,0.0002106246
264,2066545.0,55427,40557,0.0,0.0709,0.0002093855
265,2072227.5,55621,40363,0.0,0.0702,0.0002081537
266,1989355.0,53975,42009,0.0,0.0695,0.0002069292
267,2050822.5,55205,40779,0.0,0.0688,0.0002057118
268,2072030.0,55801,40183,0.0,0.0681,0.0002045016
269,2033820.0,54652,41332,0.0,0.0675,0.0002032986
270,2022817.5,54286,41698,0.0,0.0668,0.0002021026
271,1936960.0,52389,43595,0.0,0.0661,0.0002009136
272,2147775.0,57648,38336,0.0,0.0655,0.0001997317
273,2078265.0,55795,40189,0.0,0.0648,0.0001985566
274,2065582.5,55722,40262,0.0,0.0642,0.0001973886
275,2081245.0,55716,40268,0.0,0.0635,0.0001962273
276,2129552.5,56636,39348,0.0,0.0629,0.0001950729
277,2058655.0,55124,40860,0.0,0.0623,0.0001939253
278,1977982.5,53330,42654,0.0,0.0617,0.0001927845
279,1975125.0,53012,42972,0.0,0.0611,0.0001916504
280,2121820.0,56687,39297,0.0,0.0604,0.0001905229
281,2066040.0,54831,41153,0.0,0.0598,0.0001894021
282,2045147.5,54966,41018,0.0,0.0593,0.0001882878
283,2000190.0,54261,41723,0.0,0.0587,0.0001871801
284,2016145.0,53907,42077,0.0,0.0581,0.0001860790
285,2157030.0,57045,38939,0.0,0.0575,0.0001849843
286,1978912.5,52437,43547,0.0,0.0569,0.0001838960
287,1863100.0,49836,46148,0.0,0.0564,0.0001828142
288,2097977.5,55699,40285,0.0,0.0558,0.0001817387
289,2009097.5,53424,42560,0.0,0.0553,0.0001806696
290,1872370.0,49577,46407,0.0,0.0547,0.0001796067
291,2098427.5,55334,40650,0.0,0.0542,0.0001785501
292,2152487.5,56546,39438,0.0,0.0536,0.0001774997
293,1748485.0,46601,49383,0.0,0.0531,0.0001764555
294,1964580.0,51979,44005,0.0,0.0526,0.0001754174
295,1937942.5,51301,44683,0.0,0.052,0.0001743854
296,2089770.0,54982,41002,0.0,0.0515,0.0001733595
297,2100867.5,55624,40360,0.0,0.051,0.0001723397
298,2164960.0,57054,38930,0.0,0.0505,0.0001713258
299,2260415.0,59436,36548,0.0,0.05,0.0001703179
