episode,total_reward,cache_hits,cache_misses,soft_hits,epsilon
0,543527.5,31452,49932,0.0,0.9970087504549047
1,566140.0,34372,47784,0.0,0.9940264484836504
2,546692.5,31539,49913,0.0,0.991053067321811
3,530887.5,29644,51248,0.0,0.9880885802850192
4,552357.5,32677,49083,0.0,0.9851329607687278
5,546215.0,33852,48208,0.0,0.9821861822479699
6,535330.0,32988,48916,0.0,0.9792482182771218
7,530415.0,30005,50999,0.0,0.976319042489665
8,551525.0,31645,49839,0.0,0.9733986285979498
9,518750.0,29786,51186,0.0,0.9704869503929597
10,542445.0,32157,49443,0.0,0.9675839817440759
11,545507.5,33019,48821,0.0,0.9646896965988424
12,553322.5,33892,48188,0.0,0.961804068982733
13,539320.0,30917,50339,0.0,0.9589270729989176
14,529532.5,29818,51126,0.0,0.95605868282803
15,554852.5,32433,49211,0.0,0.9531988727279361
16,549315.0,32603,49057,0.0,0.9503476170335033
17,527892.5,33114,48662,0.0,0.9475048901563694
18,537557.5,32890,48850,0.0,0.9446706665847135
19,550105.0,32072,49468,0.0,0.9418449208830271
20,532777.5,35060,47324,0.0,0.9390276276918854
21,528735.0,30243,50765,0.0,0.9362187617277201
22,561465.0,33074,48786,0.0,0.9334182977825923
23,574185.0,32209,49383,0.0,0.9306262107239665
24,534112.5,30768,50388,0.0,0.9278424754944846
25,520100.0,30152,50872,0.0,0.9250670671117416
26,555117.5,33849,48207,0.0,0.9222999606680609
27,569412.5,34145,47979,0.0,0.919541131330271
28,545035.0,30258,50810,0.0,0.916790554339483
29,516580.0,34497,47731,0.0,0.9140482050108673
30,547865.0,32030,49478,0.0,0.9113140587334333
31,540147.5,32826,48922,0.0,0.908588090969808
32,562372.5,34898,47470,0.0,0.9058702772560155
33,541857.5,32475,49221,0.0,0.9031605932012581
34,557787.5,33134,48718,0.0,0.9004590144876968
35,560425.0,31865,49655,0.0,0.8977655168702335
36,510995.0,31265,50063,0.0,0.8950800761762931
37,560917.5,32726,49026,0.0,0.8924026683056069
38,539202.5,33600,48344,0.0,0.8897332692299958
39,543562.5,31455,49957,0.0,0.8870718549931554
40,537850.0,33770,48186,0.0,0.8844184017104403
41,551772.5,33348,48508,0.0,0.88177288556865
42,542637.5,30376,50692,0.0,0.8791352828258153
43,528737.5,32818,48902,0.0,0.8765055698109854
44,538182.5,32775,48953,0.0,0.8738837229240147
45,535102.5,30343,50745,0.0,0.8712697186353521
46,540617.5,32555,49145,0.0,0.8686635334858287
47,556757.5,30917,50255,0.0,0.8660651440864483
48,545270.0,31861,49615,0.0,0.8634745271181767
49,554657.5,33258,48614,0.0,0.8608916593317331
50,532322.5,31319,50025,0.0,0.8583165175473807
51,542715.0,31372,49980,0.0,0.8557490786547193
52,560647.5,32002,49510,0.0,0.8531893196124776
53,553945.0,33316,48596,0.0,0.8506372174483066
54,535957.5,31469,49839,0.0,0.8480927492585731
55,555520.0,35168,47188,0.0,0.8455558922081547
56,514305.0,29422,51394,0.0,0.8430266235302344
57,537292.5,32333,49271,0.0,0.8405049205260963
58,576427.5,34960,47376,0.0,0.8379907605649222
59,558685.0,36679,46093,0.0,0.8354841210835883
60,542647.5,33437,48491,0.0,0.8329849795864627
61,526420.0,34137,47939,0.0,0.8304933136452034
62,585102.5,35165,47215,0.0,0.8280091008985575
63,554127.5,33723,48237,0.0,0.8255323190521598
64,549022.5,33682,48306,0.0,0.8230629458783336
65,538005.0,34891,47329,0.0,0.8206009592158903
66,549390.0,32499,49205,0.0,0.818146336969931
67,566292.5,34559,47625,0.0,0.8156990571116483
68,536660.0,34598,47634,0.0,0.8132590976781283
69,563980.0,34922,47430,0.0,0.8108264367721539
70,549180.0,32031,49417,0.0,0.808401052562008
71,526527.5,31605,49767,0.0,0.8059829232812773
72,541725.0,33586,48350,0.0,0.8035720272286576
73,545200.0,32241,49323,0.0,0.8011683427677586
74,536020.0,32789,48891,0.0,0.7987718483269097
75,557380.0,35395,47061,0.0,0.7963825223989669
76,574317.5,32483,49089,0.0,0.7940003435411191
77,555007.5,34466,47698,0.0,0.7916252903746962
78,557412.5,34209,47863,0.0,0.789257341584977
79,573682.5,33957,48083,0.0,0.7868964759209978
80,567062.5,33123,48669,0.0,0.784542672195362
81,545895.0,36428,46228,0.0,0.7821959092840497
82,550242.5,32574,49018,0.0,0.7798561661262283
83,523902.5,32676,49060,0.0,0.7775234217240634
84,520445.0,33389,48463,0.0,0.7751976551425304
85,546917.5,31993,49459,0.0,0.7728788455092263
86,545597.5,32613,49051,0.0,0.770566972014183
87,551740.0,32832,48864,0.0,0.7682620139096801
88,579725.0,34767,47469,0.0,0.7659639505100587
89,558897.5,34533,47703,0.0,0.763672761191536
90,558982.5,34531,47637,0.0,0.7613884253920201
91,541197.5,29565,51231,0.0,0.7591109226109254
92,569445.0,35010,47338,0.0,0.7568402324089886
93,544612.5,33744,48236,0.0,0.7545763344080854
94,559702.5,32899,48825,0.0,0.7523192082910475
95,545480.0,35560,46884,0.0,0.7500688338014804
96,552697.5,32723,48945,0.0,0.7478251907435816
97,553332.5,33745,48227,0.0,0.745588258981959
98,540745.0,35225,47147,0.0,0.7433580184414508
99,504592.5,29384,51340,0.0,0.7411344491069448
100,551587.5,34536,47640,0.0,0.7389175310231992
101,557027.5,32247,49281,0.0,0.7367072442946632
102,541775.0,33467,48377,0.0,0.7345035690852983
103,554405.0,34574,47578,0.0,0.7323064856184011
104,529292.5,34697,47491,0.0,0.7301159741764247
105,567995.0,33393,48479,0.0,0.7279320151008026
106,555895.0,33175,48677,0.0,0.725754588791772
107,568117.5,31715,49685,0.0,0.7235836757081978
108,583357.5,35650,46850,0.0,0.7214192563673972
109,567662.5,35653,46839,0.0,0.7192613113449653
110,527712.5,33979,48029,0.0,0.7171098212746
111,549912.5,35480,46932,0.0,0.714964766847929
112,572965.0,35176,47176,0.0,0.7128261288143359
113,590230.0,31882,49542,0.0,0.710693887980788
114,553112.5,32374,49182,0.0,0.7085680252116635
115,534427.5,32042,49414,0.0,0.7064485214285801
116,527220.0,31367,49901,0.0,0.7043353576102236
117,558142.5,31995,49469,0.0,0.7022285147921774
118,526197.5,34331,47737,0.0,0.7001279740667523
119,521057.5,32771,48885,0.0,0.6980337165828167
120,555995.0,32976,48732,0.0,0.6959457235456271
121,548820.0,36467,46201,0.0,0.6938639762166602
122,564465.0,30703,50421,0.0,0.6917884559134441
123,551487.5,34667,47509,0.0,0.6897191440093908
124,547007.5,34224,47816,0.0,0.6876560219336292
125,560207.5,34143,47877,0.0,0.6855990711708382
126,559892.5,33723,48169,0.0,0.6835482732610806
127,555230.0,34782,47414,0.0,0.6815036097996376
128,553650.0,32844,48856,0.0,0.6794650624368437
129,520502.5,31440,49864,0.0,0.6774326128779213
130,548002.5,32203,49301,0.0,0.6754062428828175
131,545250.0,33501,48323,0.0,0.6733859342660397
132,554842.5,34680,47484,0.0,0.6713716688964928
133,561450.0,33124,48648,0.0,0.6693634286973162
134,519915.0,33878,48062,0.0,0.6673611956457219
135,544172.5,34306,47790,0.0,0.6653649517728324
136,548687.5,34266,47806,0.0,0.6633746791635196
137,523862.5,28956,51660,0.0,0.661390359956244
138,574682.5,34055,47925,0.0,0.6594119763428944
139,553970.0,33890,48058,0.0,0.6574395105686283
140,532855.0,30852,50304,0.0,0.6554729449317122
141,531220.0,33875,48073,0.0,0.6535122617833629
142,548087.5,35582,46790,0.0,0.6515574435275892
143,563350.0,32988,48712,0.0,0.6496084726210338
144,549930.0,30450,50598,0.0,0.6476653315728161
145,543625.0,34592,47512,0.0,0.6457280029443749
146,556460.0,33700,48200,0.0,0.6437964693493122
147,554175.0,32905,48767,0.0,0.6418707134532371
148,538110.0,32524,49048,0.0,0.6399507179736101
149,560317.5,33845,48071,0.0,0.6380364656795882
150,545002.5,34619,47553,0.0,0.6361279393918698
151,557842.5,33734,48186,0.0,0.6342251219825414
152,557492.5,31706,49658,0.0,0.6323279963749231
153,518752.5,31305,49887,0.0,0.6304365455434155
154,543217.5,31516,49756,0.0,0.6285507525133474
155,539447.5,31475,49801,0.0,0.6266706003608224
156,544842.5,29855,50949,0.0,0.6247960722125685
157,563852.5,33931,48025,0.0,0.6229271512457853
158,537545.0,33954,48010,0.0,0.6210638206879938
159,540560.0,32601,49007,0.0,0.6192060638168857
160,533600.0,32568,49008,0.0,0.6173538639601732
161,535067.5,30566,50470,0.0,0.6155072044954395
162,536500.0,31529,49775,0.0,0.6136660688499896
163,525042.5,33390,48410,0.0,0.6118304405007017
164,576665.0,33625,48251,0.0,0.6100003029738785
165,558737.5,35239,47093,0.0,0.6081756398450999
166,541572.5,32908,48772,0.0,0.6063564347390752
167,556580.0,37258,45534,0.0,0.6045426713294964
168,563275.0,32221,49255,0.0,0.6027343333388913
169,566830.0,35909,46603,0.0,0.6009314045384779
170,542140.0,32852,48776,0.0,0.5991338687480187
171,548902.5,34229,47767,0.0,0.5973417098356749
172,563217.5,34332,47720,0.0,0.5955549117178625
173,547855.0,31907,49441,0.0,0.5937734583591071
174,538677.5,34457,47587,0.0,0.5919973337719008
175,545575.0,35643,46741,0.0,0.5902265220165579
176,584905.0,34788,47348,0.0,0.5884610072010726
177,557182.5,33723,48129,0.0,0.586700773480976
178,569912.5,33818,48102,0.0,0.584945805059194
179,568817.5,33030,48674,0.0,0.5831960861859052
180,567085.0,32360,49156,0.0,0.5814516011584002
181,562282.5,36061,46459,0.0,0.5797123343209402
182,542162.5,32263,49193,0.0,0.5779782700646164
183,578457.5,32744,48828,0.0,0.5762493928272107
184,575290.0,32594,48994,0.0,0.5745256870930548
185,545062.5,33582,48234,0.0,0.5728071373928921
186,548985.0,33197,48563,0.0,0.5710937283037383
187,541882.5,34277,47775,0.0,0.569385444448743
188,575770.0,35140,47144,0.0,0.5676822704970518
189,537075.0,32765,48827,0.0,0.5659841911636688
190,548287.5,32315,49153,0.0,0.5642911912093194
191,543447.5,36147,46385,0.0,0.5626032554403132
192,564507.5,32901,48735,0.0,0.5609203687084082
193,532815.0,31551,49725,0.0,0.5592425159106745
194,567002.5,34387,47689,0.0,0.5575696819893587
195,561912.5,33712,48184,0.0,0.5559018519317491
196,556260.0,33584,48228,0.0,0.5542390107700407
197,540300.0,33938,48022,0.0,0.5525811435812007
198,557720.0,34798,47306,0.0,0.5509282354868351
199,533845.0,33965,47927,0.0,0.5492802716530549
200,550795.0,32537,49043,0.0,0.5476372372903429
201,570505.0,31484,49736,0.0,0.5459991176534209
202,533475.0,34105,47827,0.0,0.5443658980411177
203,538812.5,31847,49517,0.0,0.5427375637962367
204,526477.5,33327,48409,0.0,0.5411141003054251
205,549362.5,36138,46386,0.0,0.5394954929990418
206,522827.5,33880,48036,0.0,0.5378817273510274
207,537367.5,30690,50298,0.0,0.5362727888787735
208,582197.5,35999,46461,0.0,0.5346686631429929
209,556110.0,33172,48528,0.0,0.5330693357475896
210,594745.0,34490,47562,0.0,0.5314747923395304
211,537000.0,31580,49712,0.0,0.5298850186087152
212,566322.5,33978,47894,0.0,0.5283000002878491
213,548957.5,33966,47942,0.0,0.5267197231523142
214,546312.5,31803,49585,0.0,0.5251441730200421
215,541442.5,33771,48133,0.0,0.5235733357513864
216,552420.0,33409,48339,0.0,0.522007197248996
217,556755.0,33990,47942,0.0,0.5204457434576885
218,546130.0,31197,49963,0.0,0.5188889603643239
219,579270.0,32388,49124,0.0,0.517336833997679
220,594550.0,31820,49496,0.0,0.5157893504283224
221,547522.5,32284,49184,0.0,0.5142464957684887
222,555720.0,33154,48526,0.0,0.5127082561719544
223,554015.0,34348,47732,0.0,0.5111746178339134
224,565350.0,32889,48755,0.0,0.5096455669908534
225,565827.5,33339,48429,0.0,0.5081210899204321
226,526805.0,32727,48825,0.0,0.5066011729413543
227,560910.0,35939,46517,0.0,0.5050858024132487
228,571062.5,36565,46055,0.0,0.503574964736546
229,570440.0,34906,47290,0.0,0.5020686463523564
230,543357.5,35539,46809,0.0,0.5005668337423482
231,574490.0,34881,47235,0.0,0.4990695134286266
232,572770.0,38576,44528,0.0,0.4975766719736123
233,556257.5,31429,49815,0.0,0.49608829597992116
234,564057.5,34026,47850,0.0,0.4946043720902441
235,549620.0,34342,47630,0.0,0.493124886987227
236,537207.5,32913,48699,0.0,0.4916498273933513
237,555095.0,35231,47029,0.0,0.49017918007081474
238,532382.5,32768,48884,0.0,0.48871293182141273
239,537137.5,32503,49029,0.0,0.4872510694864197
240,551625.0,32346,49106,0.0,0.48579357994647127
241,543502.5,33046,48570,0.0,0.48434045012144616
242,592192.5,35516,46800,0.0,0.48289166697034913
243,558220.0,34686,47354,0.0,0.48144721749119374
244,583270.0,38499,44641,0.0,0.48000708872088577
245,548970.0,33298,48450,0.0,0.4785712677351069
246,541067.5,34204,47776,0.0,0.47713974164819856
247,541277.5,35031,47101,0.0,0.47571249761304646
248,589225.0,33724,48076,0.0,0.47428952282096526
249,537487.5,34059,47849,0.0,0.4728708045015836
250,533660.0,33000,48572,0.0,0.47145632992272934
251,575225.0,34924,47208,0.0,0.47004608639031564
252,552987.5,32194,49214,0.0,0.46864006124822677
253,541130.0,35719,46737,0.0,0.46723824187820456
254,575597.5,34798,47306,0.0,0.4658406156997352
255,580677.5,32670,48838,0.0,0.4644471701699365
256,561825.0,33208,48472,0.0,0.46305789278344484
257,550905.0,32747,48769,0.0,0.46167277107230353
258,543545.0,33797,48031,0.0,0.4602917926058506
259,564962.5,35348,46932,0.0,0.45891494499060725
260,532530.0,32859,48737,0.0,0.45754221587016664
261,568582.5,34086,47810,0.0,0.4561735929250831
262,549075.0,33530,48186,0.0,0.45480906387276143
263,542310.0,34377,47599,0.0,0.4534486164673468
264,563502.5,36574,45998,0.0,0.4520922384996147
265,550950.0,35399,46841,0.0,0.4507399177968616
266,560845.0,32534,48918,0.0,0.44939164222279543
267,567127.5,34975,47229,0.0,0.44804739967742685
268,559080.0,33040,48572,0.0,0.4467071780969606
269,555052.5,31595,49605,0.0,0.44537096545368726
270,539760.0,34464,47560,0.0,0.44403874975587526
271,563162.5,33924,47948,0.0,0.4427105190476633
272,557490.0,33604,48148,0.0,0.44138626140895304
273,579110.0,34767,47289,0.0,0.4400659649553022
274,547520.0,30902,50130,0.0,0.43874961783781774
275,566817.5,33708,48048,0.0,0.4374372082430496
276,551982.5,32729,48787,0.0,0.4361287243928848
277,575812.5,36332,46164,0.0,0.43482415454444157
278,574997.5,32952,48640,0.0,0.43352348698996407
279,565205.0,32530,48970,0.0,0.4322267100567172
280,534140.0,31335,49809,0.0,0.430933812106882
281,571040.0,35373,46827,0.0,0.42964478153745106
282,572305.0,34740,47364,0.0,0.4283596067801246
283,568930.0,32683,48837,0.0,0.4270782763012063
284,591522.5,36091,46341,0.0,0.42580077860150023
285,554522.5,33215,48365,0.0,0.42452710221620726
286,557765.0,34261,47651,0.0,0.4232572357148224
287,558560.0,35449,46811,0.0,0.4219911677010321
288,530830.0,36068,46392,0.0,0.42072888681261217
289,560555.0,34449,47507,0.0,0.4194703817213255
290,531110.0,31836,49372,0.0,0.4182156411328206
291,542050.0,34139,47797,0.0,0.4169646537865303
292,553390.0,36015,46381,0.0,0.41571740845557054
293,550510.0,35873,46491,0.0,0.4144738939466396
294,581765.0,35634,46642,0.0,0.4132340990999178
295,556417.5,31819,49449,0.0,0.4119980127889673
296,550422.5,32510,48886,0.0,0.41076562392063215
297,567285.0,34691,47329,0.0,0.40953692143493875
298,568440.0,34360,47548,0.0,0.40831189430499676
299,565790.0,30849,50127,0.0,0.40709053153689995
300,552640.0,35038,47082,0.0,0.40587282216962756
301,538157.5,38592,44484,0.0,0.4046587552749461
302,545492.5,34233,47663,0.0,0.40344831995731106
303,589237.5,35184,46972,0.0,0.4022415053537693
304,539340.0,35546,46726,0.0,0.40103830063386137
305,539630.0,30969,50059,0.0,0.3998386949995245
306,571205.0,34143,47733,0.0,0.39864267768499567
307,549562.5,33755,48009,0.0,0.39745023795671486
308,563795.0,32553,48851,0.0,0.3962613651132288
309,537060.0,32827,48689,0.0,0.395076048485095
310,557187.5,34545,47431,0.0,0.3938942774347859
311,541260.0,31255,49853,0.0,0.39271604135659344
312,549627.5,32822,48702,0.0,0.3915413296765339
313,533482.5,31583,49637,0.0,0.39037013185225294
314,539030.0,32837,48683,0.0,0.3892024373729311
315,559017.5,33516,48244,0.0,0.38803823575918933
316,560972.5,34359,47585,0.0,0.38687751656299507
317,555375.0,33973,47843,0.0,0.3857202693675684
318,557270.0,34048,47808,0.0,0.38456648378728864
319,567070.0,34274,47634,0.0,0.383416149467601
320,567395.0,32146,49218,0.0,0.38226925608492385
321,533372.5,35166,47010,0.0,0.3811257933465559
322,542455.0,33673,48047,0.0,0.3799857509905839
323,588532.5,34188,47688,0.0,0.37884911878579064
324,540497.5,36248,46236,0.0,0.37771588653156285
325,579350.0,32706,48766,0.0,0.37658604405780005
326,545867.5,33904,47892,0.0,0.3754595812248229
327,539165.0,34390,47546,0.0,0.3743364879232825
328,555532.5,33326,48322,0.0,0.3732167540740694
329,566712.5,34818,47270,0.0,0.3721003696282234
330,553090.0,31900,49328,0.0,0.3709873245668432
331,577522.5,36219,46257,0.0,0.36987760890099647
332,556775.0,31933,49363,0.0,0.36877121267163043
333,567800.0,37269,45435,0.0,0.36766812594948217
334,532045.0,35844,46516,0.0,0.36656833883498974
335,568517.5,32269,49103,0.0,0.3654718414582032
336,556892.5,34664,47340,0.0,0.3643786239786962
337,538307.5,36235,46209,0.0,0.3632886765854775
338,568445.0,34294,47638,0.0,0.3622019894969029
339,579975.0,32788,48716,0.0,0.3611185529605877
340,578240.0,35833,46463,0.0,0.36003835725331884
341,582055.0,34000,47820,0.0,0.358961392680968
342,567780.0,34914,47126,0.0,0.35788764957840424
343,546492.5,36398,46066,0.0,0.3568171183094076
344,554087.5,34746,47286,0.0,0.35574978926658235
345,562005.0,34362,47594,0.0,0.3546856528712709
346,591737.5,33623,48133,0.0,0.35362469957346787
347,578547.5,36151,46261,0.0,0.3525669198517343
348,522777.5,33625,48123,0.0,0.35151230421311214
349,545542.5,32525,48887,0.0,0.3504608431930393
350,561312.5,35104,47008,0.0,0.34941252735526435
351,564995.0,34714,47298,0.0,0.3483673472917623
352,542052.5,32396,48972,0.0,0.34732529362264974
353,551617.5,33595,48101,0.0,0.3462863569961009
354,570257.5,33618,48114,0.0,0.34525052808826356
355,548612.5,32531,48849,0.0,0.3442177976031756
356,565197.5,35857,46431,0.0,0.3431881562726814
357,547980.0,34608,47384,0.0,0.3421615948563486
358,553297.5,32593,48807,0.0,0.34113810414138546
359,541857.5,28721,51687,0.0,0.34011767494255785
360,535130.0,31950,49330,0.0,0.339100298102107
361,578280.0,35733,46507,0.0,0.3380859644896674
362,541332.5,33550,48114,0.0,0.3370746650021845
363,554322.5,35245,46903,0.0,0.3360663905638336
364,554355.0,34486,47490,0.0,0.3350611321259377
365,535192.5,32894,48642,0.0,0.3340588806668868
366,536435.0,31917,49311,0.0,0.33305962719205695
367,528472.5,35331,46829,0.0,0.3320633627337291
368,551247.5,36346,46134,0.0,0.331070078351009
369,551062.5,36006,46266,0.0,0.33007976512974685
370,552527.5,37187,45433,0.0,0.3290924141824573
371,557842.5,32722,48710,0.0,0.32810801664823974
372,512800.0,35443,46777,0.0,0.32712656369269855
373,576597.5,34569,47411,0.0,0.32614804650786416
374,553140.0,34458,47490,0.0,0.3251724563121138
375,545745.0,32605,48787,0.0,0.3241997843500926
376,572375.0,35993,46307,0.0,0.3232300218926354
377,566380.0,34036,47692,0.0,0.3222631602366879
378,591485.0,33362,48262,0.0,0.3212991907052289
379,538780.0,32481,48923,0.0,0.32033810464719237
380,526842.5,37968,44856,0.0,0.31937989343738976
381,566887.5,33582,48098,0.0,0.3184245484764326
382,549932.5,34541,47383,0.0,0.3174720611906553
383,565252.5,33422,48194,0.0,0.31652242303203826
384,555847.5,32716,48696,0.0,0.3155756254781312
385,557392.5,35277,46859,0.0,0.31463166003197657
386,559010.0,33846,47938,0.0,0.3136905182220333
387,549652.5,32331,49013,0.0,0.31275219160210094
388,555060.0,34704,47312,0.0,0.3118166717512436
389,564757.5,34335,47473,0.0,0.31088395027371457
390,553637.5,35615,46557,0.0,0.3099540187988809
391,565892.5,35705,46527,0.0,0.3090268689811483
392,542512.5,35596,46664,0.0,0.3081024924998862
393,586772.5,31897,49311,0.0,0.30718088105935315
394,581042.5,33747,47985,0.0,0.3062620263886224
395,546297.5,35369,46819,0.0,0.3053459202415074
396,532792.5,32437,48951,0.0,0.3044325543964883
397,545130.0,33255,48389,0.0,0.3035219206566376
398,572800.0,36079,46257,0.0,0.302614010849547
399,561522.5,33921,47843,0.0,0.3017088168272538
400,556170.0,34145,47711,0.0,0.30080633046616806
401,536355.0,35384,46804,0.0,0.2999065436669993
402,553992.5,34250,47630,0.0,0.2990094483546843
403,554385.0,33887,47901,0.0,0.2981150364783141
404,536672.5,32419,48937,0.0,0.2972233000110623
405,548415.0,34884,47132,0.0,0.29633423095011246
406,557012.5,33857,47895,0.0,0.29544782131658676
407,573302.5,33004,48464,0.0,0.2945640631554741
408,562042.5,32741,48699,0.0,0.2936829485355589
409,551177.5,38467,44501,0.0,0.29280446954934963
410,531532.5,35819,46417,0.0,0.29192861831300826
411,536572.5,32978,48562,0.0,0.29105538696627914
412,562810.0,34548,47376,0.0,0.2901847676724187
413,542712.5,34304,47588,0.0,0.28931675261812495
414,568647.5,32639,48813,0.0,0.2884513340134675
415,538095.0,35244,46884,0.0,0.2875885040918176
416,565980.0,33475,48121,0.0,0.2867282551097783
417,552260.0,32977,48575,0.0,0.2858705793471152
418,572825.0,34029,47699,0.0,0.285015469106687
419,559917.5,34212,47604,0.0,0.2841629167143765
420,560300.0,35175,46893,0.0,0.28331291451902163
421,574147.5,36210,46126,0.0,0.282465454892347
422,537080.0,34690,47270,0.0,0.2816205302288951
423,564600.0,31304,49736,0.0,0.28077813294595844
424,532005.0,33555,48057,0.0,0.27993825548351114
425,528982.5,35015,47045,0.0,0.2791008903041413
426,536900.0,34430,47478,0.0,0.2782660298929833
427,560815.0,33147,48401,0.0,0.27743366675765047
428,546365.0,37530,45186,0.0,0.2766037934281675
429,507370.0,34013,47695,0.0,0.2757764024569038
430,530842.5,32347,48937,0.0,0.2749514864185066
431,545965.0,33403,48205,0.0,0.27412903790983395
432,543840.0,31976,49220,0.0,0.2733090495498887
433,551187.5,32836,48548,0.0,0.2724915139797522
434,557920.0,35591,46645,0.0,0.2716764238625179
435,559390.0,33388,48248,0.0,0.270863771883226
436,581615.0,33411,48173,0.0,0.2700535507487975
437,528307.5,33746,47922,0.0,0.2692457531879688
438,541977.5,33755,47941,0.0,0.26844037195122644
439,516847.5,33508,48100,0.0,0.26763739981074214
440,551027.5,32297,48975,0.0,0.26683682956030774
441,570297.5,36133,46223,0.0,0.26603865401527077
442,558292.5,35490,46650,0.0,0.2652428660124698
443,561712.5,33669,47923,0.0,0.26444945841017026
444,540757.5,34518,47358,0.0,0.2636584240880001
445,530595.0,38258,44702,0.0,0.26286975594688633
446,547545.0,34453,47503,0.0,0.2620834469089909
447,566797.5,33067,48493,0.0,0.26129948991764734
448,536505.0,34308,47504,0.0,0.2605178779372975
449,557765.0,35767,46457,0.0,0.2597386039534284
450,573492.5,35225,46867,0.0,0.258961660972509
451,563890.0,33713,47983,0.0,0.2581870420219278
452,539750.0,34884,47132,0.0,0.2574147401499302
453,557760.0,38289,44675,0.0,0.2566447484255559
454,553645.0,34301,47455,0.0,0.25587705993857685
455,539207.5,32025,49139,0.0,0.2551116677994352
456,558180.0,36179,46137,0.0,0.25434856513918164
457,561712.5,34182,47638,0.0,0.2535877451094134
458,562277.5,33880,47808,0.0,0.2528292008822131
459,525652.5,34158,47666,0.0,0.2520729256500874
460,536535.0,34238,47602,0.0,0.2513189126259057
461,530912.5,36769,45735,0.0,0.2505671550428396
462,570325.0,37740,45032,0.0,0.24981764615430188
463,575650.0,33590,48054,0.0,0.24907037923388603
464,571457.5,33169,48375,0.0,0.24832534757530594
465,536035.0,36132,46216,0.0,0.24758254449233566
466,559150.0,34865,47123,0.0,0.2468419633187494
467,534912.5,33771,47901,0.0,0.24610359740826177
468,535970.0,34958,47082,0.0,0.24536744013446798
469,562402.5,35194,46878,0.0,0.24463348489078454
470,526637.5,35863,46365,0.0,0.2439017250903899
471,546227.5,35093,46919,0.0,0.2431721541661653
472,560690.0,36897,45639,0.0,0.2424447655706359
473,556260.0,36248,46124,0.0,0.241719552775912
474,521345.0,33861,47859,0.0,0.24099650927363042
475,537867.5,32996,48480,0.0,0.24027562857489612
476,526390.0,31754,49334,0.0,0.23955690421022396
477,558210.0,34220,47600,0.0,0.2388403297294807
478,558277.5,34073,47675,0.0,0.23812589870182696
479,537142.5,33026,48446,0.0,0.2374136047156597
480,558772.5,35071,46941,0.0,0.23670344137855454
481,524542.5,34489,47351,0.0,0.23599540231720845
482,581390.0,34253,47547,0.0,0.23528948117738252
483,548242.5,33993,47779,0.0,0.23458567162384497
484,567677.5,32320,48944,0.0,0.23388396734031427
485,541965.0,35275,46777,0.0,0.23318436202940246
486,562052.5,34729,47171,0.0,0.23248684941255868
487,560840.0,32424,48816,0.0,0.23179142323001273
488,526120.0,34728,47212,0.0,0.23109807724071896
489,560642.5,35269,46751,0.0,0.23040680522230025
490,550687.5,33501,48083,0.0,0.22971760097099217
491,528077.5,34211,47565,0.0,0.2290304583015873
492,573280.0,33212,48304,0.0,0.2283453710473797
493,510970.0,35102,46886,0.0,0.2276623330601096
494,543757.5,32277,48975,0.0,0.2269813382099082
495,551417.5,33177,48307,0.0,0.2263023803852427
496,534705.0,34629,47227,0.0,0.22562545349286134
497,549142.5,35848,46340,0.0,0.2249505514577389
498,542990.0,35286,46838,0.0,0.224277668223022
499,555347.5,37063,45457,0.0,0.22360679774997486
500,536860.0,33352,48224,0.0,0.22293793401792503
501,578562.5,35139,46817,0.0,0.22227107102420943
502,498390.0,32505,48799,0.0,0.2216062027841204
503,552702.5,32565,48803,0.0,0.2209433233308521
504,563995.0,34091,47605,0.0,0.22028242671544684
505,513105.0,34509,47339,0.0,0.21962350700674177
506,555277.5,34474,47370,0.0,0.21896655829131562
507,533585.0,32575,48757,0.0,0.21831157467343562
508,560327.5,34740,47184,0.0,0.21765855027500466
509,539632.5,33779,47881,0.0,0.21700747923550845
510,549682.5,36204,46108,0.0,0.21635835571196296
511,540757.5,32054,49098,0.0,0.215711173878862
512,536742.5,34472,47408,0.0,0.21506592792812487
513,557752.5,35582,46518,0.0,0.21442261206904437
514,543847.5,35601,46523,0.0,0.21378122052823467
515,513090.0,34289,47487,0.0,0.21314174754957965
516,538407.5,38805,44123,0.0,0.21250418739418114
517,511607.5,31874,49238,0.0,0.21186853434030745
518,570752.5,33918,47806,0.0,0.21123478268334198
519,544842.5,32721,48599,0.0,0.2106029267357321
520,539152.5,33833,47867,0.0,0.20997296082693812
521,531327.5,36138,46146,0.0,0.20934487930338222
522,534845.0,36128,46156,0.0,0.20871867652839793
523,576405.0,32833,48575,0.0,0.20809434688217945
524,556045.0,37650,45018,0.0,0.20747188476173123
525,545242.5,34844,47096,0.0,0.20685128458081764
526,531327.5,32428,48732,0.0,0.20623254076991288
527,515147.5,33411,48065,0.0,0.20561564777615102
528,521052.5,34127,47601,0.0,0.2050006000632761
529,555720.0,34777,47143,0.0,0.20438739211159257
530,544440.0,36496,45932,0.0,0.20377601841791554
531,541810.0,34752,47116,0.0,0.2031664734955216
532,554727.5,35241,46775,0.0,0.2025587518740995
533,521150.0,36078,46182,0.0,0.20195284809970102
534,528285.0,36350,45970,0.0,0.20134875673469207
535,526932.5,35468,46616,0.0,0.2007464723577039
536,520402.5,33761,47879,0.0,0.20014598956358443
537,537500.0,37350,45234,0.0,0.1995473029633497
538,521855.0,35106,46942,0.0,0.19895040718413556
539,536077.5,34413,47383,0.0,0.1983552968691495
540,521405.0,32734,48658,0.0,0.1977619666776224
541,554025.0,35434,46670,0.0,0.1971704112847608
542,559725.0,33002,48398,0.0,0.196580625381699
543,507310.0,36110,46134,0.0,0.19599260367545143
544,529250.0,35122,46910,0.0,0.1954063408888652
545,527487.5,33847,47785,0.0,0.19482183176057263
546,524792.5,35980,46192,0.0,0.19423907104494417
547,564107.5,33208,48320,0.0,0.19365805351204124
548,543600.0,33971,47709,0.0,0.1930787739475693
549,535860.0,36321,45987,0.0,0.19250122715283108
550,551952.5,33749,47831,0.0,0.19192540794467988
551,530160.0,31604,49432,0.0,0.19135131115547313
552,531940.0,36224,46040,0.0,0.19077893163302592
553,554652.5,35697,46427,0.0,0.19020826424056486
554,536180.0,32860,48560,0.0,0.1896393038566819
555,517557.5,30965,49935,0.0,0.1890720453752884
556,521320.0,34548,47268,0.0,0.18850648370556933
557,524570.0,35596,46508,0.0,0.18794261377193752
558,544052.5,33091,48349,0.0,0.1873804305139882
559,532825.0,34756,47164,0.0,0.18681992888645346
560,559320.0,35605,46507,0.0,0.18626110385915712
561,525707.5,33267,48205,0.0,0.18570395041696947
562,509830.0,33184,48240,0.0,0.1851484635597623
563,532982.5,30977,49935,0.0,0.18459463830236406
564,530845.0,33170,48318,0.0,0.18404246967451507
565,545000.0,36754,45638,0.0,0.18349195272082294
566,536092.5,35500,46588,0.0,0.18294308250071814
567,564427.5,34263,47485,0.0,0.18239585408840953
568,513797.5,35899,46305,0.0,0.1818502625728403
569,530700.0,35061,46959,0.0,0.1813063030576438
570,554860.0,37643,44997,0.0,0.18076397066109973
571,544525.0,36947,45561,0.0,0.18022326051609008
572,530127.5,33157,48235,0.0,0.17968416777005572
573,549120.0,34430,47362,0.0,0.1791466875849527
574,517867.5,33058,48354,0.0,0.17861081513720886
575,553137.5,34230,47498,0.0,0.17807654561768058
576,524647.5,34131,47565,0.0,0.17754387423160953
577,541687.5,32417,48823,0.0,0.17701279619857976
578,518445.0,34110,47654,0.0,0.1764833067524747
579,532822.5,32693,48607,0.0,0.17595540114143443
580,509810.0,32521,48723,0.0,0.17542907462781304
581,497555.0,34296,47436,0.0,0.1749043224881361
582,531140.0,32850,48470,0.0,0.17438114001305824
583,525075.0,36441,45843,0.0,0.17385952250732098
584,491365.0,34144,47588,0.0,0.17333946528971048
585,524080.0,29439,50969,0.0,0.17282096369301556
586,474485.0,38819,44225,0.0,0.17230401306398588
587,549845.0,35831,46381,0.0,0.17178860876329013
588,517887.5,33067,48301,0.0,0.1712747461654744
589,513135.0,34586,47290,0.0,0.17076242065892058
590,545402.5,38171,44753,0.0,0.1702516276458052
591,506035.0,38455,44457,0.0,0.16974236254205796
592,516887.5,36453,45907,0.0,0.16923462077732063
593,512545.0,33923,47741,0.0,0.1687283977949061
594,566345.0,34510,47246,0.0,0.1682236890517574
595,539475.0,38133,44571,0.0,0.16772049001840708
596,518335.0,34839,47097,0.0,0.16721879617893637
597,524387.5,32408,48772,0.0,0.16671860303093475
598,527290.0,34179,47489,0.0,0.16621990608545953
599,506292.5,33352,48040,0.0,0.16572270086699561
600,538820.0,33805,47799,0.0,0.16522698291341525
601,522495.0,33569,47963,0.0,0.16473274777593802
602,491342.5,33484,48028,0.0,0.16423999101909095
603,511550.0,34642,47194,0.0,0.16374870822066864
604,525342.5,34113,47615,0.0,0.16325889497169363
605,496620.0,31001,49867,0.0,0.1627705468763768
606,501282.5,32721,48635,0.0,0.1622836595520779
607,561785.0,32336,48840,0.0,0.16179822862926635
608,492012.5,31834,49178,0.0,0.16131424975148181
609,553272.5,34419,47361,0.0,0.1608317185752953
610,512520.0,34856,47000,0.0,0.16035063077027004
611,552465.0,34093,47603,0.0,0.15987098201892272
612,504947.5,33150,48258,0.0,0.15939276801668467
613,531142.5,31581,49443,0.0,0.15891598447186328
614,494402.5,33795,47833,0.0,0.15844062710560344
615,487537.5,33651,47889,0.0,0.15796669165184918
616,510502.5,33844,47756,0.0,0.15749417385730538
617,505757.5,36695,45717,0.0,0.15702306948139955
618,519975.0,37855,44885,0.0,0.15655337429624383
619,520705.0,34358,47422,0.0,0.15608508408659705
620,538492.5,34216,47428,0.0,0.15561819464982685
621,518530.0,31753,49327,0.0,0.15515270179587198
622,558950.0,32432,48768,0.0,0.15468860134720477
623,510437.5,32127,49001,0.0,0.1542258891387935
624,516580.0,33014,48326,0.0,0.15376456101806518
625,530040.0,34117,47543,0.0,0.1533046128448681
626,523120.0,37750,44954,0.0,0.15284604049143488
627,506350.0,34089,47535,0.0,0.15238883984234525
628,497845.0,33447,48017,0.0,0.15193300679448923
629,491927.5,34527,47237,0.0,0.15147853725703025
630,532732.5,33029,48327,0.0,0.15102542715136846
631,536225.0,34874,46962,0.0,0.15057367241110411
632,510032.5,33655,47877,0.0,0.15012326898200107
633,526967.5,34576,47224,0.0,0.14967421282195043
634,492197.5,30257,50371,0.0,0.14922649990093426
635,523785.0,33596,47920,0.0,0.14878012620098943
636,522557.5,34972,46940,0.0,0.1483350877161715
637,521270.0,35011,46861,0.0,0.14789138045251882
638,517197.5,33582,47926,0.0,0.1474490004280167
639,506295.0,34978,46918,0.0,0.14700794367256165
640,528927.5,30102,50486,0.0,0.14656820622792568
641,518510.0,35983,46177,0.0,0.14612978414772096
642,514555.0,34974,46890,0.0,0.1456926734973642
643,525080.0,33153,48191,0.0,0.1452568703540415
644,491037.5,32862,48458,0.0,0.144822370806673
645,511960.0,32322,48890,0.0,0.14438917095587792
646,499767.5,32742,48538,0.0,0.14395726691393945
647,502845.0,33758,47766,0.0,0.14352665480476998
648,498787.5,34842,47022,0.0,0.14309733076387615
649,527915.0,33223,48237,0.0,0.14266929093832434
650,523485.0,32807,48481,0.0,0.14224253148670601
651,513637.5,33656,47900,0.0,0.14181704857910318
652,543130.0,32972,48388,0.0,0.1413928383970542
653,484805.0,32303,48865,0.0,0.14096989713351926
654,552767.5,32300,48864,0.0,0.14054822099284647
655,528485.0,34460,47332,0.0,0.14012780619073767
656,525150.0,35718,46374,0.0,0.13970864895421442
657,535710.0,34891,46905,0.0,0.13929074552158424
658,556372.5,31794,49210,0.0,0.1388740921424068
659,476205.0,36113,46051,0.0,0.13845868507746031
660,530817.5,33922,47702,0.0,0.13804452059870786
661,525050.0,34497,47239,0.0,0.13763159498926408
662,519777.5,32581,48611,0.0,0.1372199045433617
663,505670.0,32923,48417,0.0,0.13680944556631833
664,527142.5,32709,48623,0.0,0.13640021437450334
665,558170.0,34267,47413,0.0,0.1359922072953047
666,539345.0,34409,47319,0.0,0.1355854206670961
667,473855.0,31394,49522,0.0,0.1351798508392041
668,515652.5,36374,45834,0.0,0.1347754941718753
669,505847.5,34377,47383,0.0,0.13437234703624368
670,493602.5,35507,46529,0.0,0.13397040581429812
671,487135.0,36023,46109,0.0,0.13356966689884986
672,508640.0,35700,46388,0.0,0.13317012669350015
673,499775.0,33366,48050,0.0,0.13277178161260791
674,539350.0,33285,48103,0.0,0.13237462808125772
675,453195.0,33341,48015,0.0,0.1319786625352275
676,529112.5,33894,47646,0.0,0.1315838814209567
677,505477.5,34193,47483,0.0,0.13119028119551437
678,520252.5,34853,46987,0.0,0.13079785832656737
679,489430.0,35199,46693,0.0,0.1304066092923486
680,498557.5,35216,46740,0.0,0.13001653058162543
681,510040.0,34027,47597,0.0,0.12962761869366826
682,480432.5,35775,46321,0.0,0.12923987013821903
683,498075.0,29889,50619,0.0,0.1288532814354599
684,521255.0,34655,47133,0.0,0.12846784911598205
685,515845.0,37045,45355,0.0,0.1280835697207545
686,490875.0,35704,46304,0.0,0.1277004398010931
687,503202.5,33966,47602,0.0,0.1273184559186296
688,514707.5,34570,47266,0.0,0.12693761464528078
689,519337.5,35775,46305,0.0,0.1265579125632176
690,467605.0,35743,46317,0.0,0.12617934626483468
691,479632.5,34338,47330,0.0,0.12580191235271956
692,474282.5,37524,45100,0.0,0.12542560743962236
693,528372.5,31806,49190,0.0,0.1250504281484253
694,505745.0,35821,46307,0.0,0.12467637111211234
695,519820.0,32754,48522,0.0,0.1243034329737391
696,513987.5,34013,47647,0.0,0.12393161038640262
697,512080.0,33133,48199,0.0,0.12356090001321136
698,481285.0,34174,47482,0.0,0.12319129852725527
699,483042.5,35903,46161,0.0,0.12282280261157591
700,560257.5,35726,46374,0.0,0.1224554089591367
701,524867.5,35856,46244,0.0,0.12208911427279322
702,476402.5,33229,48179,0.0,0.12172391526526363
703,516517.5,34076,47552,0.0,0.12135980865909919
704,472935.0,32587,48593,0.0,0.12099679118665481
705,501052.5,33027,48353,0.0,0.12063485959005973
706,510822.5,32994,48342,0.0,0.12027401062118832
707,515445.0,32272,48892,0.0,0.1199142410416309
708,496595.0,34535,47241,0.0,0.11955554762266467
709,500682.5,33972,47620,0.0,0.11919792714522474
710,496892.5,32496,48792,0.0,0.11884137639987528
711,484657.5,32017,49031,0.0,0.11848589218678066
712,487525.0,36241,46023,0.0,0.11813147131567674
713,492170.0,35643,46421,0.0,0.11777811060584227
714,525127.5,34353,47323,0.0,0.11742580688607036
715,516212.5,32479,48721,0.0,0.11707455699463995
716,521312.5,34979,46889,0.0,0.1167243577792875
717,506115.0,33572,47948,0.0,0.11637520609717866
718,522167.5,33749,47791,0.0,0.1160270988148801
719,491752.5,34220,47448,0.0,0.11568003280833136
720,537287.5,33681,47811,0.0,0.11533400496281683
721,486637.5,31777,49219,0.0,0.11498901217293778
722,507380.0,34177,47487,0.0,0.11464505134258451
723,505390.0,33262,48110,0.0,0.11430211938490857
724,511422.5,34783,47049,0.0,0.11396021322229503
725,489437.5,35351,46637,0.0,0.11361932978633488
726,511422.5,32518,48682,0.0,0.11327946601779747
727,476052.5,33004,48360,0.0,0.11294061886660309
728,503670.0,33156,48216,0.0,0.11260278529179557
729,507045.0,32698,48530,0.0,0.11226596226151501
730,497075.0,35550,46474,0.0,0.11193014675297057
731,472197.5,34617,47107,0.0,0.11159533575241329
732,495675.0,35011,46853,0.0,0.11126152625510913
733,494462.5,33276,48128,0.0,0.11092871526531192
734,522600.0,32359,48741,0.0,0.11059689979623655
735,489887.5,32213,48903,0.0,0.1102660768700321
736,510155.0,31745,49187,0.0,0.10993624351775518
737,525670.0,38134,44626,0.0,0.1096073967793432
738,493400.0,35832,46260,0.0,0.10927953370358791
739,489242.5,33511,48009,0.0,0.10895265134810882
740,482362.5,32722,48502,0.0,0.10862674677932686
741,492405.0,33025,48323,0.0,0.10830181707243802
742,470787.5,32852,48476,0.0,0.10797785931138709
743,493062.5,37317,45187,0.0,0.10765487058884154
744,480062.5,32485,48747,0.0,0.10733284800616538
745,524377.5,32586,48598,0.0,0.10701178867339316
746,513217.5,32041,49051,0.0,0.10669168970920404
747,477165.0,33919,47649,0.0,0.10637254824089593
748,519037.5,34633,47095,0.0,0.10605436140435971
749,493977.5,32842,48430,0.0,0.10573712634405355
750,484927.5,33661,47875,0.0,0.10542084021297721
751,489315.0,31756,49224,0.0,0.10510550017264657
752,448067.5,34029,47551,0.0,0.10479110339306812
753,453855.0,36378,45906,0.0,0.10447764705271356
754,501130.0,34051,47597,0.0,0.1041651283384945
755,487360.0,34106,47554,0.0,0.10385354444573719
756,505937.5,32437,48703,0.0,0.10354289257815734
757,504640.0,33766,47830,0.0,0.10323316994783507
758,465585.0,35194,46710,0.0,0.10292437377518987
759,485480.0,37018,45366,0.0,0.10261650128895561
760,480922.5,33262,48082,0.0,0.10230954972615575
761,501020.0,32315,48781,0.0,0.10200351633207848
762,525857.5,33021,48347,0.0,0.10169839836025202
763,524747.5,34673,47067,0.0,0.10139419307242
764,465250.0,34367,47317,0.0,0.10109089773851682
765,494952.5,34265,47415,0.0,0.1007885096366432
766,493907.5,34635,47145,0.0,0.10048702605304174
767,476242.5,33392,48080,0.0,0.1001864442820726
768,485915.0,31211,49573,0.0,0.09988676162618913
769,513517.5,33896,47692,0.0,0.09958797539591376
770,455252.5,34624,47152,0.0,0.09929008290981377
771,456862.5,31483,49417,0.0,0.0989930814944773
772,459200.0,33388,47968,0.0,0.09869696848448936
773,493782.5,33554,47894,0.0,0.09840174122240784
774,476375.0,36306,45918,0.0,0.09810739705873972
775,483990.0,33807,47645,0.0,0.09781393335191728
776,481267.5,36371,45945,0.0,0.09752134746827437
777,525690.0,34943,46877,0.0,0.09722963678202282
778,472347.5,34406,47278,0.0,0.09693879867522881
779,494657.5,32535,48597,0.0,0.09664883053778944
780,525075.0,34695,47045,0.0,0.09635972976740928
781,509690.0,34320,47352,0.0,0.09607149376957701
782,472355.0,31469,49395,0.0,0.09578411995754213
783,478242.5,33875,47697,0.0,0.09549760575229177
784,452835.0,32981,48295,0.0,0.09521194858252753
785,469815.0,30190,50338,0.0,0.0949271458846424
786,469017.5,35421,46555,0.0,0.09464319510269777
787,493005.0,34365,47343,0.0,0.09436009368840045
788,462200.0,32478,48682,0.0,0.09407783910107988
789,455212.5,33341,48063,0.0,0.09379642880766521
790,457460.0,33050,48246,0.0,0.09351586028266272
791,436287.5,31668,49260,0.0,0.09323613100813301
792,471550.0,34445,47287,0.0,0.09295723847366848
793,479810.0,34452,47232,0.0,0.09267918017637079
794,495085.0,33280,48084,0.0,0.09240195362082841
795,490267.5,33371,48025,0.0,0.09212555631909419
796,469455.0,31762,49194,0.0,0.09184998579066304
797,525720.0,31270,49574,0.0,0.09157523956244971
798,484745.0,31501,49427,0.0,0.09130131516876654
799,461947.5,28860,51236,0.0,0.09102821015130136
800,482617.5,31015,49729,0.0,0.09075592205909544
801,483797.5,34904,46876,0.0,0.09048444844852147
802,473252.5,29453,50843,0.0,0.09021378688326162
803,493982.5,34371,47349,0.0,0.08994393493428574
804,445792.5,32574,48562,0.0,0.08967489017982946
805,476960.0,35802,46262,0.0,0.08940665020537257
806,471297.5,33301,48047,0.0,0.08913921260361725
807,498222.5,32500,48640,0.0,0.08887257497446652
808,521580.0,35883,46225,0.0,0.08860673492500269
809,446237.5,28408,51656,0.0,0.08834169006946589
810,431335.0,34422,47286,0.0,0.08807743802923265
811,480647.5,34204,47364,0.0,0.08781397643279455
812,474750.0,32486,48662,0.0,0.08755130291573694
813,413452.5,36122,46042,0.0,0.08728941512071774
814,478982.5,29889,50599,0.0,0.08702831069744625
815,468777.5,31510,49422,0.0,0.0867679873026621
816,485055.0,32403,48709,0.0,0.08650844260011417
817,481225.0,33377,48063,0.0,0.08624967426053967
818,471097.5,32726,48518,0.0,0.08599167996164321
819,433905.0,33297,48059,0.0,0.08573445738807596
820,464910.0,32630,48606,0.0,0.08547800423141488
821,476995.0,33539,47885,0.0,0.085222318190142
822,456572.5,33241,48163,0.0,0.08496739696962377
823,465597.5,35082,46758,0.0,0.08471323828209044
824,462815.0,32109,48947,0.0,0.08445983984661559
825,477570.0,33234,48114,0.0,0.08420719938909557
826,468757.5,33191,48165,0.0,0.08395531464222919
827,481367.5,30297,50219,0.0,0.08370418334549729
828,482252.5,33666,47830,0.0,0.0834538032451425
829,517932.5,31993,48967,0.0,0.08320417209414899
830,434665.0,32260,48748,0.0,0.08295528765222233
831,455462.5,34102,47422,0.0,0.08270714768576937
832,468680.0,34871,46881,0.0,0.08245974996787818
833,474475.0,31730,49230,0.0,0.0822130922782981
834,504872.5,33829,47655,0.0,0.08196717240341976
835,486200.0,32756,48388,0.0,0.08172198813625528
836,476470.0,29885,50567,0.0,0.08147753727641842
837,489520.0,33822,47626,0.0,0.08123381763010484
838,438127.5,35502,46494,0.0,0.08099082701007243
839,449040.0,34324,47344,0.0,0.08074856323562166
840,472085.0,31030,49694,0.0,0.080507024132576
841,473487.5,32384,48744,0.0,0.08026620753326245
842,504770.0,34024,47612,0.0,0.08002611127649205
843,478470.0,31947,49053,0.0,0.0797867332075405
844,478390.0,32273,48799,0.0,0.0795480711781288
845,457980.0,35260,46616,0.0,0.07931012304640402
846,490352.5,32165,48879,0.0,0.07907288667692
847,459000.0,35596,46372,0.0,0.07883635994061829
848,478572.5,32099,48929,0.0,0.07860054071480894
849,468557.5,33531,47929,0.0,0.07836542688315153
850,477282.5,34282,47406,0.0,0.0781310163356361
851,458987.5,32152,48912,0.0,0.0778973069685643
852,439437.5,31925,49055,0.0,0.07766429668453043
853,423585.0,33357,48031,0.0,0.07743198339240268
854,489290.0,35248,46688,0.0,0.07720036500730432
855,454587.5,34408,47288,0.0,0.07696943945059502
856,434625.0,32968,48324,0.0,0.07673920464985219
857,440137.5,30601,50059,0.0,0.07650965853885235
858,450430.0,33590,47870,0.0,0.0762807990575526
859,436512.5,32976,48316,0.0,0.07605262415207219
860,429032.5,31982,49026,0.0,0.075825131774674
861,428505.0,36856,45540,0.0,0.07559831988374621
862,490160.0,33198,48122,0.0,0.07537218644378399
863,429482.5,31859,49109,0.0,0.07514672942537118
864,458620.0,33078,48254,0.0,0.07492194680516213
865,468947.5,33204,48084,0.0,0.07469783656586354
866,436452.5,33458,48018,0.0,0.07447439669621629
867,473262.5,31447,49369,0.0,0.07425162519097749
868,498825.0,33152,48160,0.0,0.07402952005090238
869,428642.5,29991,50445,0.0,0.0738080792827265
870,469700.0,34898,46914,0.0,0.07358730089914768
871,415165.0,31143,49645,0.0,0.07336718291880831
872,444290.0,30712,49940,0.0,0.07314772336627749
873,411420.0,33651,47789,0.0,0.07292892027203336
874,447692.5,36052,46092,0.0,0.07271077167244534
875,462017.5,32678,48530,0.0,0.07249327560975662
876,483775.0,31711,49229,0.0,0.07227643013206646
877,500790.0,36371,45805,0.0,0.0720602332933128
878,476110.0,34757,46983,0.0,0.07184468315325472
879,444042.5,33057,48243,0.0,0.07162977777745502
880,432002.5,35722,46270,0.0,0.07141551523726293
881,494687.5,32330,48806,0.0,0.07120189360979672
882,424622.5,29577,50727,0.0,0.07098891097792648
883,425222.5,34306,47302,0.0,0.07077656543025694
884,471512.5,30925,49823,0.0,0.07056485506111028
885,445760.0,30952,49816,0.0,0.07035377797050901
886,440647.5,34929,46871,0.0,0.07014333226415899
887,446970.0,35745,46251,0.0,0.06993351605343236
888,463142.5,33130,48206,0.0,0.06972432745535061
889,440567.5,31895,49053,0.0,0.06951576459256771
890,417960.0,33492,47960,0.0,0.06930782559335324
891,407215.0,34138,47410,0.0,0.06910050859157559
892,457025.0,30042,50426,0.0,0.06889381172668518
893,462855.0,31008,49756,0.0,0.06868773314369785
894,417855.0,33404,48008,0.0,0.06848227099317813
895,454260.0,29430,50882,0.0,0.0682774234312227
896,457260.0,34110,47474,0.0,0.06807318861944378
897,468230.0,31855,49101,0.0,0.06786956472495267
898,464885.0,32035,49033,0.0,0.06766654992034334
899,434525.0,32488,48692,0.0,0.06746414238367594
900,453132.5,34304,47316,0.0,0.06726234029846052
901,448062.5,30170,50370,0.0,0.0670611418536407
902,409340.0,33893,47591,0.0,0.06686054524357743
903,454230.0,29575,50789,0.0,0.06666054866803275
904,436362.5,34764,46976,0.0,0.06646115033215369
905,461192.5,33540,47928,0.0,0.06626234844645612
906,433262.5,33447,47961,0.0,0.06606414122680872
907,426897.5,33197,48079,0.0,0.06586652689441691
908,415847.5,29552,50724,0.0,0.06566950367580697
909,406332.5,32230,48846,0.0,0.06547306980281008
910,456632.5,31679,49229,0.0,0.06527722351254643
911,423175.0,35421,46555,0.0,0.06508196304740944
912,438892.5,29540,50848,0.0,0.06488728665504997
913,456312.5,31895,49017,0.0,0.06469319258836059
914,437260.0,31814,49110,0.0,0.0644996791054599
915,447717.5,34379,47337,0.0,0.0643067444696769
916,386892.5,30273,50239,0.0,0.0641143869495354
917,420665.0,32847,48473,0.0,0.06392260481873854
918,440540.0,31509,49343,0.0,0.06373139635615319
919,438550.0,32423,48681,0.0,0.06354075984579455
920,448070.0,33597,47871,0.0,0.06335069357681081
921,451372.5,31592,49276,0.0,0.0631611958434677
922,427852.5,33391,47937,0.0,0.06297226494513325
923,469690.0,34269,47347,0.0,0.0627838991862625
924,399035.0,31390,49474,0.0,0.06259609687638228
925,406745.0,31207,49581,0.0,0.062408856330076055
926,400020.0,32853,48403,0.0,0.06222217586696879
927,400902.5,33677,47727,0.0,0.06203605381171188
928,403835.0,33007,48265,0.0,0.061850488493968084
929,459910.0,33385,47967,0.0,0.06166547824839658
930,418507.5,31109,49627,0.0,0.061481021414637974
931,451447.5,33468,47896,0.0,0.061297116337299444
932,404365.0,34277,47279,0.0,0.061113761365939843
933,447475.0,30212,50276,0.0,0.06093095485505491
934,375652.5,33123,48197,0.0,0.060748695164062505
935,410570.0,30848,49804,0.0,0.06056698065728787
936,423300.0,30797,49815,0.0,0.06038580970394896
937,441257.5,32596,48572,0.0,0.06020518067814181
938,435377.5,34022,47466,0.0,0.06002509195882594
939,424892.5,29917,50567,0.0,0.059845541929809794
940,399587.5,28319,51693,0.0,0.05966652897973627
941,430322.5,34249,47355,0.0,0.059488051502068214
942,394500.0,33662,47746,0.0,0.05931010789507404
943,429655.0,30840,49792,0.0,0.05913269656181335
944,379517.5,31938,49042,0.0,0.05895581591012257
945,420750.0,31401,49403,0.0,0.05877946435260069
946,422120.0,32623,48553,0.0,0.058603640306595026
947,411295.0,32400,48740,0.0,0.058428342194186994
948,460117.5,33964,47544,0.0,0.05825356844217796
949,471962.5,36308,45900,0.0,0.058079317482075114
950,402705.0,31580,49252,0.0,0.05790558775007741
951,378247.5,30970,49706,0.0,0.05773237768706151
952,414170.0,32613,48499,0.0,0.05755968573856782
953,431622.5,33535,47921,0.0,0.057387510354786495
954,425565.0,33030,48202,0.0,0.057215849990543584
955,443765.0,32234,48778,0.0,0.05704470310528713
956,408830.0,33107,48173,0.0,0.05687406816307334
957,419082.5,28462,51562,0.0,0.05670394363255282
958,400930.0,30059,50441,0.0,0.05653432798695684
959,373972.5,32353,48711,0.0,0.056365219704083584
960,434462.5,32817,48359,0.0,0.05619661726628455
961,422232.5,31302,49502,0.0,0.05602851916045088
962,405850.0,32045,48995,0.0,0.05586092387799982
963,420560.0,32839,48333,0.0,0.055693829914861145
964,451820.0,31314,49502,0.0,0.0555272357714637
965,423482.5,30857,49835,0.0,0.055361139952721905
966,412137.5,34078,47434,0.0,0.055195540968022365
967,409952.5,29634,50706,0.0,0.05503043733121048
968,408432.5,32637,48555,0.0,0.0548658275605771
969,419900.0,33127,48165,0.0,0.054701710178845245
970,429327.5,31661,49215,0.0,0.05453808371315684
971,415090.0,34428,47256,0.0,0.05437494669505949
972,423702.5,34779,46909,0.0,0.05421229766049331
973,452485.0,32190,48794,0.0,0.05405013514977779
974,407222.5,30626,49982,0.0,0.053888457707598675
975,394497.5,32218,48810,0.0,0.05372726388299493
976,413585.0,31761,49163,0.0,0.053566552229345706
977,390615.0,30746,49926,0.0,0.05340632130435735
978,414275.0,31068,49632,0.0,0.053246569670050474
979,440087.5,35110,46670,0.0,0.05308729589274705
980,393062.5,30239,50265,0.0,0.05292849854305753
981,383057.5,32624,48532,0.0,0.052770176195868025
982,476335.0,33958,47590,0.0,0.05261232743032754
983,456817.5,35447,46493,0.0,0.052454950829835166
984,376165.0,32220,48816,0.0,0.052298044982027427
985,386440.0,32489,48627,0.0,0.05214160847876556
986,386950.0,31446,49370,0.0,0.051985639916122914
987,424232.5,30926,49806,0.0,0.051830137894372325
988,426552.5,32087,48901,0.0,0.051675101017973554
989,425310.0,31579,49309,0.0,0.05152052789556079
990,414570.0,33340,48028,0.0,0.05136641713993012
991,430422.5,34433,47215,0.0,0.05121276736802713
992,404412.5,30967,49709,0.0,0.051059577200934445
993,425777.5,27437,52283,0.0,0.05090684526385939
994,409672.5,30652,49952,0.0,0.05075457018612163
995,400887.5,31002,49698,0.0,0.05060275060114088
996,426792.5,30930,49706,0.0,0.050451385146424645
997,430205.0,29678,50698,0.0,0.05030047246355597
998,420195.0,30544,50052,0.0,0.05015001119818128
999,437080.0,30177,50291,0.0,0.05