episode,total_reward,cache_hits,cache_misses,soft_hits,epsilon
0,516115.0,31494,49934,0.0,0.9704869503929601
1,557622.5,33964,48144,0.0,0.9418449208830277
2,549392.5,33441,48507,0.0,0.9140482050108684
3,533355.0,33757,48243,0.0,0.8870718549931568
4,549257.5,32030,49474,0.0,0.8608916593317348
5,561907.5,34176,47892,0.0,0.8354841210835904
6,540210.0,33817,48163,0.0,0.8108264367721563
7,546965.0,33350,48526,0.0,0.7868964759210002
8,551607.5,31820,49632,0.0,0.7636727611915388
9,560352.5,34184,47904,0.0,0.7411344491069478
10,553425.0,31503,49817,0.0,0.7192613113449683
11,572677.5,31611,49729,0.0,0.6980337165828197
12,558082.5,34358,47702,0.0,0.6774326128779244
13,565290.0,32327,49249,0.0,0.6574395105686316
14,561017.5,34926,47330,0.0,0.6380364656795915
15,560337.5,31656,49680,0.0,0.6192060638168893
16,538020.0,31487,49829,0.0,0.6009314045384815
17,532102.5,30884,50212,0.0,0.5831960861859091
18,537905.0,35284,47080,0.0,0.5659841911636728
19,563610.0,32165,49319,0.0,0.5492802716530589
20,573822.5,34994,47214,0.0,0.5330693357475939
21,566287.5,34827,47345,0.0,0.5173368339976833
22,562802.5,33846,48006,0.0,0.5020686463523607
23,549522.5,35262,46966,0.0,0.4872510694864241
24,552495.0,34127,47833,0.0,0.472870804501588
25,564142.5,32991,48657,0.0,0.45891494499061175
26,578865.0,32967,48673,0.0,0.4453709654536918
27,548290.0,34226,47670,0.0,0.43222671005672175
28,548395.0,35564,46728,0.0,0.41947038172133005
29,543975.0,35230,46986,0.0,0.40709053153690444
30,562275.0,33676,48096,0.0,0.39507604848509953
31,547180.0,33376,48304,0.0,0.3834161494676055
32,565257.5,38925,44203,0.0,0.3721003696282278
33,561627.5,35004,47076,0.0,0.36111855296059203
34,534727.5,35349,46839,0.0,0.3504608431930436
35,554290.0,35594,46682,0.0,0.3401176749425623
36,557372.5,35553,46687,0.0,0.33007976512975135
37,542200.0,33482,48150,0.0,0.3203381046471969
38,545930.0,34132,47632,0.0,0.31088395027371907
39,561035.0,32537,48839,0.0,0.30170881682725825
40,540917.5,32885,48575,0.0,0.2928044695493541
41,522207.5,34329,47571,0.0,0.284162916714381
42,576742.5,33510,48106,0.0,0.2757764024569083
43,558515.0,34649,47231,0.0,0.2676373998107466
44,523740.0,33749,47879,0.0,0.25973860395343285
45,570372.5,34119,47677,0.0,0.2520729256500919
46,541550.0,31959,49189,0.0,0.244633484890789
47,548245.0,34102,47578,0.0,0.2374136047156641
48,520420.0,33579,48001,0.0,0.23040680522230456
49,541647.5,32523,48745,0.0,0.2236067977499791
50,526265.0,35390,46670,0.0,0.2170074792355126
51,527430.0,33590,47974,0.0,0.21060292673573625
52,539625.0,32060,49100,0.0,0.20438739211159668
53,552662.5,35160,46824,0.0,0.1983552968691536
54,537390.0,34580,47220,0.0,0.19250122715283513
55,526955.0,32218,48934,0.0,0.18681992888645743
56,543752.5,33752,47828,0.0,0.18130630305764775
57,565257.5,35344,46656,0.0,0.17595540114143837
58,545650.0,33218,48150,0.0,0.1707624206589245
59,554742.5,33323,48133,0.0,0.16572270086699945
60,523705.0,34478,47262,0.0,0.16083171857529904
61,477297.5,34362,47346,0.0,0.15608508408660077
62,513615.0,34346,47334,0.0,0.15147853725703392
63,549587.5,32951,48377,0.0,0.14700794367256523
64,497900.0,34967,46865,0.0,0.1426692909383279
65,554650.0,33780,47764,0.0,0.1384586850774638
66,502137.5,32735,48525,0.0,0.1343723470362471
67,526035.0,34493,47283,0.0,0.13040660929235195
68,485497.5,35132,46772,0.0,0.1265579125632209
69,494342.5,33828,47720,0.0,0.12282280261157914
70,467992.5,37671,44989,0.0,0.11919792714522794
71,482697.5,36452,45800,0.0,0.1156800328083345
72,502670.0,31442,49478,0.0,0.11226596226151811
73,470372.5,31731,49245,0.0,0.10895265134811186
74,462767.5,33301,48135,0.0,0.1057371263440565
75,471262.5,33333,48043,0.0,0.10261650128895852
76,469502.5,34268,47380,0.0,0.09958797539591661
77,462217.5,30286,50286,0.0,0.09664883053779226
78,450532.5,33097,48203,0.0,0.093796428807668
79,510392.5,31400,49420,0.0,0.0910282101513041
80,457330.0,32774,48394,0.0,0.08834169006946861
81,437502.5,33241,48095,0.0,0.08573445738807864
82,467340.0,31789,49183,0.0,0.08320417209415162
83,456745.0,31110,49654,0.0,0.08074856323562424
84,407322.5,29413,50835,0.0,0.07836542688315407
85,439665.0,34523,47125,0.0,0.07605262415207469
86,386895.0,35570,46462,0.0,0.07380807928272894
87,413730.0,28967,51173,0.0,0.07162977777745742
88,460877.5,30163,50313,0.0,0.06951576459257007
89,405442.5,29989,50431,0.0,0.06746414238367823
90,446002.5,31355,49421,0.0,0.06547306980281233
91,413702.5,33457,47923,0.0,0.06354075984579674
92,395997.5,30198,50254,0.0,0.06166547824839873
93,455655.0,32429,48671,0.0,0.059845541929811896
94,394377.5,30135,50289,0.0,0.05807931748207717
95,353005.0,31238,49502,0.0,0.0563652197040856
96,400705.0,30620,49940,0.0,0.05470171017884722
97,364765.0,32163,48821,0.0,0.053087295892748985
98,387952.5,29937,50423,0.0,0.051520527895562676
99,333487.5,30387,50177,0.0,0.05000000000000005
episode,total_reward,cache_hits,cache_misses,soft_hits,epsilon
0,718445.0,38764,56660,0.0,0.9704869503929601
1,721282.5,39303,56193,0.0,0.9418449208830277
2,678255.0,39812,55604,0.0,0.9140482050108684
3,691872.5,37200,58324,0.0,0.8870718549931568
4,683862.5,36755,58689,0.0,0.8608916593317348
5,672352.5,39925,55595,0.0,0.8354841210835904
6,741880.0,40986,54482,0.0,0.8108264367721563
7,708045.0,37843,57585,0.0,0.7868964759210002
8,682510.0,42216,53248,0.0,0.7636727611915388
9,713860.0,39160,56368,0.0,0.7411344491069478
10,725000.0,38882,56654,0.0,0.7192613113449683
11,706107.5,38846,56694,0.0,0.6980337165828197
12,731087.5,39221,56295,0.0,0.6774326128779244
13,751157.5,39809,55699,0.0,0.6574395105686316
14,696650.0,38530,57006,0.0,0.6380364656795915
15,697185.0,39278,56214,0.0,0.6192060638168893
16,717977.5,39859,55649,0.0,0.6009314045384815
17,690900.0,39142,56262,0.0,0.5831960861859091
18,721847.5,42186,53286,0.0,0.5659841911636728
19,738835.0,41419,54005,0.0,0.5492802716530589
20,697867.5,37159,58321,0.0,0.5330693357475939
21,741477.5,41212,54304,0.0,0.5173368339976833
22,705527.5,38213,57279,0.0,0.5020686463523607
23,707465.0,40031,55477,0.0,0.4872510694864241
24,684247.5,43065,52427,0.0,0.472870804501588
25,693720.0,38005,57535,0.0,0.45891494499061175
26,673412.5,40084,55400,0.0,0.4453709654536918
27,699132.5,38254,57250,0.0,0.43222671005672175
28,707590.0,40591,54917,0.0,0.41947038172133005
29,665257.5,38599,56913,0.0,0.40709053153690444
30,707340.0,38361,57187,0.0,0.39507604848509953
31,705240.0,42629,52855,0.0,0.3834161494676055
32,723065.0,40286,55194,0.0,0.3721003696282278
33,708462.5,38838,56750,0.0,0.36111855296059203
34,688112.5,37973,57447,0.0,0.3504608431930436
35,693272.5,35785,59731,0.0,0.3401176749425623
36,706657.5,39378,56142,0.0,0.33007976512975135
37,688765.0,36370,59098,0.0,0.3203381046471969
38,713280.0,40064,55476,0.0,0.31088395027371907
39,724957.5,40695,54869,0.0,0.30170881682725825
40,668672.5,40850,54662,0.0,0.2928044695493541
41,705897.5,36247,59349,0.0,0.284162916714381
42,676427.5,39053,56479,0.0,0.2757764024569083
43,697415.0,37924,57616,0.0,0.2676373998107466
44,701105.0,40593,54931,0.0,0.25973860395343285
45,675235.0,40051,55401,0.0,0.2520729256500919
46,664797.5,41481,54055,0.0,0.244633484890789
47,669525.0,36856,58716,0.0,0.2374136047156641
48,632257.5,38450,56978,0.0,0.23040680522230456
49,693077.5,41009,54535,0.0,0.2236067977499791
50,683767.5,36237,59311,0.0,0.2170074792355126
51,715120.0,39724,55820,0.0,0.21060292673573625
52,672612.5,38015,57565,0.0,0.20438739211159668
53,667460.0,41638,53862,0.0,0.1983552968691536
54,684972.5,38855,56721,0.0,0.19250122715283513
55,633992.5,40881,54691,0.0,0.18681992888645743
56,676642.5,36968,58472,0.0,0.18130630305764775
57,617255.0,43296,52224,0.0,0.17595540114143837
58,684802.5,37121,58479,0.0,0.1707624206589245
59,682572.5,39275,56285,0.0,0.16572270086699945
60,673800.0,37457,58111,0.0,0.16083171857529904
61,684990.0,39468,56068,0.0,0.15608508408660077
62,659985.0,38112,57432,0.0,0.15147853725703392
63,675535.0,39407,56097,0.0,0.14700794367256523
64,631065.0,35435,60177,0.0,0.1426692909383279
65,681110.0,40974,54518,0.0,0.1384586850774638
66,618277.5,39545,56003,0.0,0.1343723470362471
67,654965.0,36218,59382,0.0,0.13040660929235195
68,631652.5,37766,57778,0.0,0.1265579125632209
69,641077.5,39155,56361,0.0,0.12282280261157914
70,618687.5,36994,58522,0.0,0.11919792714522794
71,593382.5,40581,54979,0.0,0.1156800328083345
72,601447.5,38970,56570,0.0,0.11226596226151811
73,593522.5,37205,58299,0.0,0.10895265134811186
74,638977.5,35782,59774,0.0,0.1057371263440565
75,589462.5,38184,57304,0.0,0.10261650128895852
76,538187.5,39552,55984,0.0,0.09958797539591661
77,606015.0,37282,58282,0.0,0.09664883053779226
78,598942.5,35611,59993,0.0,0.093796428807668
79,609820.0,36217,59387,0.0,0.0910282101513041
80,551852.5,33287,62253,0.0,0.08834169006946861
81,557755.0,41567,54021,0.0,0.08573445738807864
82,628185.0,35890,59702,0.0,0.08320417209415162
83,613942.5,36831,58769,0.0,0.08074856323562424
84,573497.5,37681,57899,0.0,0.07836542688315407
85,551322.5,35589,59983,0.0,0.07605262415207469
86,534585.0,36651,58925,0.0,0.07380807928272894
87,529110.0,36961,58611,0.0,0.07162977777745742
88,524592.5,34827,60717,0.0,0.06951576459257007
89,581887.5,33455,62149,0.0,0.06746414238367823
90,520727.5,37550,58050,0.0,0.06547306980281233
91,566415.0,36628,58944,0.0,0.06354075984579674
92,537662.5,37280,58156,0.0,0.06166547824839873
93,544217.5,36887,58713,0.0,0.059845541929811896
94,538872.5,33907,61737,0.0,0.05807931748207717
95,504892.5,38790,56742,0.0,0.0563652197040856
96,542417.5,35844,59668,0.0,0.05470171017884722
97,494800.0,34701,60827,0.0,0.053087295892748985
98,544170.0,36672,58940,0.0,0.051520527895562676
99,477835.0,33445,62167,0.0,0.05000000000000005
episode,total_reward,cache_hits,cache_misses,soft_hits,epsilon
0,1995030.0,89787,5409,0.0,0.9704869503929601
1,1868150.0,90080,5116,0.0,0.9418449208830277
2,2107760.0,90267,4929,0.0,0.9140482050108684
3,2073427.5,90198,4990,0.0,0.8870718549931568
4,1942085.0,90183,4937,0.0,0.8608916593317348
5,2023810.0,90114,5042,0.0,0.8354841210835904
6,1960877.5,90009,5111,0.0,0.8108264367721563
7,1983640.0,90334,4806,0.0,0.7868964759210002
8,1939272.5,90509,4683,0.0,0.7636727611915388
9,1891925.0,90506,4654,0.0,0.7411344491069478
10,1974262.5,90670,4518,0.0,0.7192613113449683
11,1861880.0,90662,4526,0.0,0.6980337165828197
episode,total_reward,cache_hits,cache_misses,soft_hits,epsilon
0,1951812.5,89664,4716,0.0,0.9704869503929601
1,1946945.0,89527,4873,0.0,0.9418449208830277
2,1981512.5,89503,4873,0.0,0.9140482050108684
3,1840140.0,89095,5301,0.0,0.8870718549931568
4,1929892.5,89719,4681,0.0,0.8608916593317348
5,1890580.0,89655,4741,0.0,0.8354841210835904
6,1851857.5,89651,4737,0.0,0.8108264367721563
7,1893332.5,89815,4577,0.0,0.7868964759210002
8,1876170.0,89744,4648,0.0,0.7636727611915388
9,1887552.5,89967,4421,0.0,0.7411344491069478
10,1890342.5,89799,4581,0.0,0.7192613113449683
11,1930060.0,90079,4313,0.0,0.6980337165828197
12,1852735.0,89837,4551,0.0,0.6774326128779244
13,1876935.0,89625,4771,0.0,0.6574395105686316
14,1888762.5,89963,4429,0.0,0.6380364656795915
episode,total_reward,cache_hits,cache_misses,soft_hits,epsilon
0,537590.0,32083,63101,0.0,0.9704869503929601
1,563370.0,34316,60868,0.0,0.9418449208830277
2,533025.0,31419,63765,0.0,0.9140482050108684
3,558550.0,32534,62650,0.0,0.8870718549931568
4,500042.5,30886,64282,0.0,0.8608916593317348
5,534782.5,33296,61888,0.0,0.8354841210835904
6,550725.0,32422,62762,0.0,0.8108264367721563
7,565957.5,32408,62776,0.0,0.7868964759210002
8,543580.0,29380,65804,0.0,0.7636727611915388
9,539797.5,33933,61235,0.0,0.7411344491069478
10,555740.0,34873,60295,0.0,0.7192613113449683
11,563137.5,33252,61932,0.0,0.6980337165828197
12,529770.0,33895,61289,0.0,0.6774326128779244
13,540315.0,33397,61787,0.0,0.6574395105686316
14,560717.5,34318,60866,0.0,0.6380364656795915
15,570917.5,34616,60536,0.0,0.6192060638168893
16,567527.5,32835,62349,0.0,0.6009314045384815
17,549862.5,31240,63944,0.0,0.5831960861859091
18,561372.5,33457,61727,0.0,0.5659841911636728
19,544245.0,30429,64755,0.0,0.5492802716530589
20,529162.5,30209,64975,0.0,0.5330693357475939
21,545902.5,31385,63799,0.0,0.5173368339976833
22,548905.0,33450,61734,0.0,0.5020686463523607
23,547922.5,31494,63690,0.0,0.4872510694864241
24,565367.5,33246,61938,0.0,0.472870804501588
25,533995.0,31591,63593,0.0,0.45891494499061175
26,536490.0,29432,65752,0.0,0.4453709654536918
27,549047.5,32316,62868,0.0,0.43222671005672175
28,527440.0,30801,64383,0.0,0.41947038172133005
29,536647.5,31942,63226,0.0,0.40709053153690444
30,574125.0,34994,60174,0.0,0.39507604848509953
31,553597.5,32609,62575,0.0,0.3834161494676055
32,553395.0,32411,62773,0.0,0.3721003696282278
33,570862.5,33963,61221,0.0,0.36111855296059203
34,553787.5,31369,63815,0.0,0.3504608431930436
35,540062.5,34063,61121,0.0,0.3401176749425623
36,562117.5,31941,63243,0.0,0.33007976512975135
37,537917.5,34652,60516,0.0,0.3203381046471969
38,516832.5,34327,60857,0.0,0.31088395027371907
39,564267.5,32257,62927,0.0,0.30170881682725825
40,552982.5,33588,61596,0.0,0.2928044695493541
41,546512.5,30258,64926,0.0,0.284162916714381
42,540960.0,30070,65114,0.0,0.2757764024569083
43,553430.0,33948,61236,0.0,0.2676373998107466
44,524755.0,32370,62814,0.0,0.25973860395343285
45,558410.0,36026,59158,0.0,0.2520729256500919
46,539960.0,34253,60931,0.0,0.244633484890789
47,548950.0,32363,62821,0.0,0.2374136047156641
48,532517.5,30132,65052,0.0,0.23040680522230456
49,540562.5,31720,63464,0.0,0.2236067977499791
50,541240.0,36466,58718,0.0,0.2170074792355126
51,547670.0,33101,62067,0.0,0.21060292673573625
52,560145.0,33153,62031,0.0,0.20438739211159668
53,557617.5,34273,60911,0.0,0.1983552968691536
54,576120.0,35892,59292,0.0,0.19250122715283513
55,558350.0,35140,60044,0.0,0.18681992888645743
56,548007.5,35196,59988,0.0,0.18130630305764775
57,522352.5,37191,57993,0.0,0.17595540114143837
58,547760.0,33538,61646,0.0,0.1707624206589245
59,526415.0,33575,61609,0.0,0.16572270086699945
60,534522.5,32722,62462,0.0,0.16083171857529904
61,506147.5,35270,59914,0.0,0.15608508408660077
62,541062.5,35004,60180,0.0,0.15147853725703392
63,528732.5,34974,60210,0.0,0.14700794367256523
64,544490.0,33320,61864,0.0,0.1426692909383279
65,516995.0,32820,62364,0.0,0.1384586850774638
66,507272.5,34484,60700,0.0,0.1343723470362471
67,519252.5,35375,59809,0.0,0.13040660929235195
68,523245.0,35918,59266,0.0,0.1265579125632209
69,512972.5,34907,60261,0.0,0.12282280261157914
70,476342.5,32261,62923,0.0,0.11919792714522794
71,505240.0,39166,56018,0.0,0.1156800328083345
72,497492.5,34333,60851,0.0,0.11226596226151811
73,465572.5,36665,58519,0.0,0.10895265134811186
74,516572.5,35376,59808,0.0,0.1057371263440565
75,496737.5,31043,64141,0.0,0.10261650128895852
76,473237.5,32035,63149,0.0,0.09958797539591661
77,495252.5,33783,61401,0.0,0.09664883053779226
78,486120.0,34449,60735,0.0,0.093796428807668
79,496880.0,37725,57459,0.0,0.0910282101513041
80,503207.5,28319,66865,0.0,0.08834169006946861
81,485840.0,32014,63170,0.0,0.08573445738807864
82,524540.0,32940,62244,0.0,0.08320417209415162
83,420440.0,32027,63157,0.0,0.08074856323562424
84,478157.5,32676,62508,0.0,0.07836542688315407
85,467752.5,34485,60699,0.0,0.07605262415207469
86,469860.0,32345,62839,0.0,0.07380807928272894
87,482290.0,33601,61583,0.0,0.07162977777745742
88,450720.0,33232,61952,0.0,0.06951576459257007
89,460235.0,33270,61914,0.0,0.06746414238367823
90,429557.5,31184,64000,0.0,0.06547306980281233
91,478800.0,31612,63572,0.0,0.06354075984579674
92,435692.5,29797,65387,0.0,0.06166547824839873
93,462375.0,34026,61158,0.0,0.059845541929811896
94,417192.5,31077,64091,0.0,0.05807931748207717
95,408467.5,30951,64233,0.0,0.0563652197040856
96,439350.0,30627,64557,0.0,0.05470171017884722
97,373012.5,35211,59973,0.0,0.053087295892748985
98,377885.0,31926,63242,0.0,0.051520527895562676
99,429627.5,32349,62835,0.0,0.05000000000000005
episode,total_reward,cache_hits,cache_misses,soft_hits,epsilon
0,634775.0,40409,54775,0.0,0.9704869503929601
1,613540.0,36551,58633,0.0,0.9418449208830277
2,646560.0,37416,57768,0.0,0.9140482050108684
3,625960.0,38503,56681,0.0,0.8870718549931568
4,627955.0,35948,59236,0.0,0.8608916593317348
5,651685.0,41801,53383,0.0,0.8354841210835904
6,630957.5,36905,58279,0.0,0.8108264367721563
7,638970.0,39564,55620,0.0,0.7868964759210002
8,616790.0,38981,56203,0.0,0.7636727611915388
9,632582.5,34152,61032,0.0,0.7411344491069478
10,640912.5,37955,57229,0.0,0.7192613113449683
11,646735.0,35460,59724,0.0,0.6980337165828197
12,665432.5,38449,56735,0.0,0.6774326128779244
13,647677.5,41414,53770,0.0,0.6574395105686316
14,632930.0,38405,56779,0.0,0.6380364656795915
15,675710.0,40329,54855,0.0,0.6192060638168893
16,669132.5,37326,57858,0.0,0.6009314045384815
17,674040.0,39147,56037,0.0,0.5831960861859091
18,657765.0,38825,56359,0.0,0.5659841911636728
19,647135.0,38695,56489,0.0,0.5492802716530589
20,649502.5,38403,56765,0.0,0.5330693357475939
21,612227.5,38575,56609,0.0,0.5173368339976833
22,659957.5,42188,52964,0.0,0.5020686463523607
23,655360.0,38916,56268,0.0,0.4872510694864241
24,637335.0,39269,55915,0.0,0.472870804501588
25,636017.5,37231,57937,0.0,0.45891494499061175
26,649922.5,40783,54401,0.0,0.4453709654536918
27,626602.5,37325,57859,0.0,0.43222671005672175
28,615482.5,36774,58410,0.0,0.41947038172133005
29,632660.0,36150,59034,0.0,0.40709053153690444
30,615715.0,34590,60594,0.0,0.39507604848509953
31,628285.0,35236,59948,0.0,0.3834161494676055
32,617127.5,40885,54299,0.0,0.3721003696282278
33,666260.0,37885,57299,0.0,0.36111855296059203
34,643820.0,38206,56978,0.0,0.3504608431930436
35,641895.0,37727,57457,0.0,0.3401176749425623
36,622392.5,39311,55873,0.0,0.33007976512975135
37,621007.5,38605,56579,0.0,0.3203381046471969
38,614122.5,37757,57427,0.0,0.31088395027371907
39,607882.5,38371,56813,0.0,0.30170881682725825
40,604880.0,39118,56066,0.0,0.2928044695493541
41,648537.5,37465,57719,0.0,0.284162916714381
42,633562.5,38725,56459,0.0,0.2757764024569083
43,624515.0,38241,56943,0.0,0.2676373998107466
44,626807.5,39781,55403,0.0,0.25973860395343285
45,611070.0,38290,56894,0.0,0.2520729256500919
46,641230.0,39786,55398,0.0,0.244633484890789
47,606805.0,40099,55085,0.0,0.2374136047156641
48,644690.0,35611,59573,0.0,0.23040680522230456
49,609357.5,38684,56484,0.0,0.2236067977499791
50,586065.0,38747,56437,0.0,0.2170074792355126
51,579730.0,34992,60192,0.0,0.21060292673573625
52,590055.0,40304,54880,0.0,0.20438739211159668
53,587932.5,37749,57403,0.0,0.1983552968691536
54,596565.0,40305,54879,0.0,0.19250122715283513
55,597527.5,37325,57859,0.0,0.18681992888645743
56,582985.0,34743,60441,0.0,0.18130630305764775
57,607965.0,33351,61833,0.0,0.17595540114143837
58,597800.0,38459,56725,0.0,0.1707624206589245
59,639825.0,39837,55347,0.0,0.16572270086699945
60,577632.5,35388,59796,0.0,0.16083171857529904
61,619630.0,38463,56721,0.0,0.15608508408660077
62,592030.0,39266,55918,0.0,0.15147853725703392
63,586880.0,36830,58354,0.0,0.14700794367256523
64,550415.0,36082,59102,0.0,0.1426692909383279
65,619135.0,39840,55344,0.0,0.1384586850774638
66,542912.5,36498,58686,0.0,0.1343723470362471
67,557102.5,37793,57391,0.0,0.13040660929235195
68,590880.0,34074,61110,0.0,0.1265579125632209
69,570385.0,37219,57965,0.0,0.12282280261157914
70,581155.0,36105,59063,0.0,0.11919792714522794
71,580872.5,35742,59442,0.0,0.1156800328083345
72,568777.5,37071,58113,0.0,0.11226596226151811
73,552322.5,35401,59783,0.0,0.10895265134811186
74,577560.0,37330,57854,0.0,0.1057371263440565
75,546967.5,37730,57454,0.0,0.10261650128895852
76,539817.5,35947,59237,0.0,0.09958797539591661
77,576100.0,35354,59830,0.0,0.09664883053779226
78,555787.5,37709,57475,0.0,0.093796428807668
79,557517.5,35943,59241,0.0,0.0910282101513041
80,547032.5,36905,58279,0.0,0.08834169006946861
81,528942.5,37207,57977,0.0,0.08573445738807864
82,555415.0,36995,58189,0.0,0.08320417209415162
83,515590.0,35311,59873,0.0,0.08074856323562424
84,517842.5,35021,60163,0.0,0.07836542688315407
85,507835.0,34952,60232,0.0,0.07605262415207469
86,515625.0,33272,61912,0.0,0.07380807928272894
87,556652.5,35077,60107,0.0,0.07162977777745742
88,471640.0,36697,58487,0.0,0.06951576459257007
89,486282.5,37723,57461,0.0,0.06746414238367823
90,520772.5,37246,57938,0.0,0.06547306980281233
91,484737.5,33460,61708,0.0,0.06354075984579674
92,512362.5,34298,60886,0.0,0.06166547824839873
93,510950.0,36206,58978,0.0,0.059845541929811896
94,446492.5,31792,63392,0.0,0.05807931748207717
95,485890.0,32837,62347,0.0,0.0563652197040856
96,440280.0,36169,59015,0.0,0.05470171017884722
97,512277.5,33817,61367,0.0,0.053087295892748985
98,439917.5,34653,60531,0.0,0.051520527895562676
99,458080.0,34123,61061,0.0,0.05000000000000005
episode,total_reward,cache_hits,cache_misses,soft_hits,epsilon
0,647325.0,38411,56757,0.0,0.9704869503929601
1,638872.5,38501,56683,0.0,0.9418449208830277
2,638315.0,38712,56456,0.0,0.9140482050108684
3,637700.0,41982,53202,0.0,0.8870718549931568
4,648205.0,38557,56627,0.0,0.8608916593317348
5,637317.5,38516,56668,0.0,0.8354841210835904
6,655462.5,35577,59607,0.0,0.8108264367721563
7,632935.0,34676,60508,0.0,0.7868964759210002
8,630937.5,37832,57352,0.0,0.7636727611915388
9,636520.0,36668,58516,0.0,0.7411344491069478
10,650832.5,41466,53718,0.0,0.7192613113449683
11,633822.5,37138,58046,0.0,0.6980337165828197
12,646055.0,36487,58697,0.0,0.6774326128779244
13,615450.0,39928,55256,0.0,0.6574395105686316
14,646447.5,38740,56444,0.0,0.6380364656795915
15,636605.0,38384,56800,0.0,0.6192060638168893
16,639325.0,36190,58994,0.0,0.6009314045384815
17,626865.0,37606,57578,0.0,0.5831960861859091
18,658910.0,36838,58346,0.0,0.5659841911636728
19,630115.0,38130,57054,0.0,0.5492802716530589
20,625187.5,38611,56557,0.0,0.5330693357475939
21,624785.0,33316,61868,0.0,0.5173368339976833
22,640107.5,39401,55783,0.0,0.5020686463523607
23,656322.5,41429,53755,0.0,0.4872510694864241
24,641625.0,38574,56610,0.0,0.472870804501588
25,643837.5,37947,57237,0.0,0.45891494499061175
26,631272.5,37193,57991,0.0,0.4453709654536918
27,661422.5,37322,57862,0.0,0.43222671005672175
28,640285.0,39207,55977,0.0,0.41947038172133005
29,630765.0,35720,59464,0.0,0.40709053153690444
30,642727.5,37059,58109,0.0,0.39507604848509953
31,618825.0,37495,57689,0.0,0.3834161494676055
32,621635.0,40726,54458,0.0,0.3721003696282278
33,634200.0,38121,57063,0.0,0.36111855296059203
34,629452.5,36943,58241,0.0,0.3504608431930436
35,636517.5,40240,54944,0.0,0.3401176749425623
36,643005.0,39156,56028,0.0,0.33007976512975135
37,604760.0,39538,55646,0.0,0.3203381046471969
38,652160.0,36275,58909,0.0,0.31088395027371907
39,641220.0,38661,56523,0.0,0.30170881682725825
40,657052.5,36424,58760,0.0,0.2928044695493541
41,619847.5,41744,53440,0.0,0.284162916714381
42,630022.5,37115,58069,0.0,0.2757764024569083
43,643270.0,35724,59460,0.0,0.2676373998107466
44,628087.5,35801,59383,0.0,0.25973860395343285
45,613927.5,38265,56919,0.0,0.2520729256500919
46,636630.0,39746,55438,0.0,0.244633484890789
47,634722.5,39797,55387,0.0,0.2374136047156641
48,606882.5,38128,57056,0.0,0.23040680522230456
49,625447.5,40411,54773,0.0,0.2236067977499791
50,602805.0,39754,55430,0.0,0.2170074792355126
51,614750.0,38480,56704,0.0,0.21060292673573625
52,630815.0,37471,57713,0.0,0.20438739211159668
53,590702.5,34966,60218,0.0,0.1983552968691536
54,624452.5,37234,57950,0.0,0.19250122715283513
55,595340.0,37616,57568,0.0,0.18681992888645743
56,573570.0,36996,58188,0.0,0.18130630305764775
57,611540.0,41819,53365,0.0,0.17595540114143837
58,635665.0,37748,57436,0.0,0.1707624206589245
59,610882.5,37776,57408,0.0,0.16572270086699945
60,599400.0,37103,58081,0.0,0.16083171857529904
61,594717.5,37977,57207,0.0,0.15608508408660077
62,552847.5,43356,51828,0.0,0.15147853725703392
63,573230.0,39065,56119,0.0,0.14700794367256523
64,638872.5,37159,58025,0.0,0.1426692909383279
65,558872.5,36310,58874,0.0,0.1384586850774638
66,539025.0,37031,58153,0.0,0.1343723470362471
67,557020.0,38384,56784,0.0,0.13040660929235195
68,581692.5,38044,57140,0.0,0.1265579125632209
69,578817.5,35931,59253,0.0,0.12282280261157914
70,549605.0,38109,57075,0.0,0.11919792714522794
71,573040.0,36711,58473,0.0,0.1156800328083345
72,544115.0,35319,59865,0.0,0.11226596226151811
73,591827.5,38846,56338,0.0,0.10895265134811186
74,530820.0,36262,58922,0.0,0.1057371263440565
75,515755.0,37587,57581,0.0,0.10261650128895852
76,534310.0,35873,59311,0.0,0.09958797539591661
77,565307.5,34943,60241,0.0,0.09664883053779226
78,547765.0,36242,58942,0.0,0.093796428807668
79,544800.0,35633,59551,0.0,0.0910282101513041
80,518795.0,35575,59609,0.0,0.08834169006946861
81,557472.5,37921,57263,0.0,0.08573445738807864
82,532720.0,39084,56100,0.0,0.08320417209415162
83,521695.0,36301,58867,0.0,0.08074856323562424
84,504390.0,38305,56879,0.0,0.07836542688315407
85,509565.0,37275,57909,0.0,0.07605262415207469
86,548907.5,33963,61221,0.0,0.07380807928272894
87,512125.0,34927,60241,0.0,0.07162977777745742
88,509282.5,34900,60284,0.0,0.06951576459257007
89,487070.0,37136,58048,0.0,0.06746414238367823
90,520330.0,36074,59110,0.0,0.06547306980281233
91,480300.0,31766,63418,0.0,0.06354075984579674
92,511167.5,34592,60592,0.0,0.06166547824839873
93,456750.0,36190,58994,0.0,0.059845541929811896
94,476662.5,33357,61811,0.0,0.05807931748207717
95,457610.0,37441,57743,0.0,0.0563652197040856
96,514600.0,34402,60782,0.0,0.05470171017884722
97,449262.5,33562,61622,0.0,0.053087295892748985
98,469382.5,33032,62152,0.0,0.051520527895562676
99,410482.5,33783,61401,0.0,0.05000000000000005
episode,total_reward,cache_hits,cache_misses,soft_hits,epsilon
0,632510.0,39791,55393,0.0,0.9704869503929601
1,623987.5,44666,50518,0.0,0.9418449208830277
2,630885.0,36623,58561,0.0,0.9140482050108684
3,661615.0,39057,56127,0.0,0.8870718549931568
4,644225.0,38467,56701,0.0,0.8608916593317348
5,620977.5,36829,58355,0.0,0.8354841210835904
6,635260.0,35899,59285,0.0,0.8108264367721563
7,650035.0,36969,58215,0.0,0.7868964759210002
8,632995.0,39352,55832,0.0,0.7636727611915388
9,652945.0,36558,58626,0.0,0.7411344491069478
10,645935.0,39876,55308,0.0,0.7192613113449683
11,648947.5,37143,58025,0.0,0.6980337165828197
12,638930.0,38881,56303,0.0,0.6774326128779244
13,631085.0,39934,55250,0.0,0.6574395105686316
14,645340.0,36156,59028,0.0,0.6380364656795915
15,645602.5,37629,57555,0.0,0.6192060638168893
16,648345.0,39478,55706,0.0,0.6009314045384815
17,634367.5,39326,55858,0.0,0.5831960861859091
18,619195.0,38425,56759,0.0,0.5659841911636728
19,632627.5,37742,57442,0.0,0.5492802716530589
20,622855.0,42261,52923,0.0,0.5330693357475939
21,631240.0,36821,58363,0.0,0.5173368339976833
22,641467.5,38696,56472,0.0,0.5020686463523607
23,656872.5,37417,57767,0.0,0.4872510694864241
24,620722.5,35965,59219,0.0,0.472870804501588
25,655085.0,39445,55739,0.0,0.45891494499061175
26,600100.0,38336,56848,0.0,0.4453709654536918
27,641172.5,38729,56455,0.0,0.43222671005672175
28,633247.5,40864,54320,0.0,0.41947038172133005
29,601810.0,41033,54151,0.0,0.40709053153690444
30,612070.0,43284,51900,0.0,0.39507604848509953
31,644195.0,39561,55623,0.0,0.3834161494676055
32,636335.0,36019,59165,0.0,0.3721003696282278
33,660157.5,41537,53647,0.0,0.36111855296059203
34,652175.0,38121,57047,0.0,0.3504608431930436
35,619332.5,39391,55793,0.0,0.3401176749425623
36,605277.5,39239,55929,0.0,0.33007976512975135
37,624500.0,35138,60046,0.0,0.3203381046471969
38,626335.0,39185,55999,0.0,0.31088395027371907
39,625755.0,39705,55479,0.0,0.30170881682725825
40,651187.5,37423,57761,0.0,0.2928044695493541
41,632625.0,39256,55928,0.0,0.284162916714381
42,625920.0,39251,55933,0.0,0.2757764024569083
43,635327.5,37358,57826,0.0,0.2676373998107466
44,623897.5,38680,56504,0.0,0.25973860395343285
45,606915.0,38611,56573,0.0,0.2520729256500919
46,626432.5,38254,56930,0.0,0.244633484890789
47,628857.5,36339,58845,0.0,0.2374136047156641
48,624667.5,37891,57293,0.0,0.23040680522230456
49,604042.5,41561,53623,0.0,0.2236067977499791
50,620472.5,37236,57948,0.0,0.2170074792355126
51,601582.5,36671,58513,0.0,0.21060292673573625
52,608657.5,38966,56218,0.0,0.20438739211159668
53,610562.5,36643,58541,0.0,0.1983552968691536
54,617832.5,36962,58222,0.0,0.19250122715283513
55,621087.5,39748,55436,0.0,0.18681992888645743
56,576187.5,38385,56799,0.0,0.18130630305764775
57,621797.5,35958,59226,0.0,0.17595540114143837
58,609740.0,38209,56959,0.0,0.1707624206589245
59,600552.5,38052,57132,0.0,0.16572270086699945
60,595027.5,37873,57311,0.0,0.16083171857529904
61,586952.5,37517,57667,0.0,0.15608508408660077
62,589140.0,37120,58064,0.0,0.15147853725703392
63,536485.0,34613,60571,0.0,0.14700794367256523
64,557607.5,39639,55545,0.0,0.1426692909383279
65,566052.5,40196,54988,0.0,0.1384586850774638
66,588610.0,38379,56805,0.0,0.1343723470362471
67,567330.0,35079,60105,0.0,0.13040660929235195
68,615955.0,38019,57165,0.0,0.1265579125632209
69,565112.5,39460,55724,0.0,0.12282280261157914
70,552085.0,34189,60995,0.0,0.11919792714522794
71,564245.0,35841,59343,0.0,0.1156800328083345
72,545342.5,36731,58453,0.0,0.11226596226151811
73,553677.5,38549,56635,0.0,0.10895265134811186
74,563242.5,34266,60918,0.0,0.1057371263440565
75,566707.5,35647,59537,0.0,0.10261650128895852
76,548997.5,36458,58726,0.0,0.09958797539591661
77,513270.0,34346,60838,0.0,0.09664883053779226
78,545567.5,34434,60750,0.0,0.093796428807668
79,528422.5,38979,56205,0.0,0.0910282101513041
80,516055.0,39035,56149,0.0,0.08834169006946861
81,532792.5,37989,57195,0.0,0.08573445738807864
82,542082.5,37711,57473,0.0,0.08320417209415162
83,555675.0,34558,60626,0.0,0.08074856323562424
84,545442.5,36689,58495,0.0,0.07836542688315407
85,496897.5,32910,62274,0.0,0.07605262415207469
86,533435.0,36072,59112,0.0,0.07380807928272894
87,536032.5,35932,59252,0.0,0.07162977777745742
88,517997.5,36176,58992,0.0,0.06951576459257007
89,498185.0,35129,60055,0.0,0.06746414238367823
90,473120.0,33412,61756,0.0,0.06547306980281233
91,502117.5,33628,61556,0.0,0.06354075984579674
92,474005.0,35047,60137,0.0,0.06166547824839873
93,508460.0,34122,61062,0.0,0.059845541929811896
94,456385.0,35868,59300,0.0,0.05807931748207717
95,471855.0,33717,61467,0.0,0.0563652197040856
96,482822.5,34734,60450,0.0,0.05470171017884722
97,520480.0,35820,59364,0.0,0.053087295892748985
98,450222.5,34586,60598,0.0,0.051520527895562676
99,458452.5,32181,63003,0.0,0.05000000000000005
episode,total_reward,cache_hits,cache_misses,soft_hits,epsilon
0,657615.0,37275,57965,0.0,0.9704869503929601
1,611435.0,35717,59499,0.0,0.9418449208830277
2,630650.0,35888,59348,0.0,0.9140482050108684
3,623397.5,35286,59950,0.0,0.8870718549931568
4,615030.0,36594,58630,0.0,0.8608916593317348
5,630137.5,39509,55747,0.0,0.8354841210835904
6,613797.5,38520,56748,0.0,0.8108264367721563
7,613095.0,36315,58905,0.0,0.7868964759210002
8,638107.5,38704,56564,0.0,0.7636727611915388
9,618107.5,38450,56782,0.0,0.7411344491069478
10,648652.5,38328,56928,0.0,0.7192613113449683
11,668855.0,38821,56459,0.0,0.6980337165828197
12,641150.0,39440,55772,0.0,0.6774326128779244
13,640405.0,37475,57765,0.0,0.6574395105686316
14,638462.5,37170,58070,0.0,0.6380364656795915
15,622545.0,37835,57385,0.0,0.6192060638168893
16,635410.0,39134,56094,0.0,0.6009314045384815
17,649385.0,39928,55360,0.0,0.5831960861859091
18,601525.0,38691,56549,0.0,0.5659841911636728
19,646530.0,36951,58281,0.0,0.5492802716530589
20,631400.0,34779,60473,0.0,0.5330693357475939
21,638825.0,37682,57570,0.0,0.5173368339976833
22,628475.0,37813,57411,0.0,0.5020686463523607
23,639997.5,39997,55251,0.0,0.4872510694864241
24,672742.5,37089,58143,0.0,0.472870804501588
25,631090.0,36643,58589,0.0,0.45891494499061175
26,610160.0,35310,59918,0.0,0.4453709654536918
27,647152.5,36601,58631,0.0,0.43222671005672175
28,640747.5,37646,57574,0.0,0.41947038172133005
29,644877.5,37419,57801,0.0,0.40709053153690444
30,639607.5,37074,58178,0.0,0.39507604848509953
31,621580.0,38757,56479,0.0,0.3834161494676055
32,632275.0,38369,56899,0.0,0.3721003696282278
33,638650.0,36794,58438,0.0,0.36111855296059203
34,618270.0,37238,58014,0.0,0.3504608431930436
35,610340.0,38698,56558,0.0,0.3401176749425623
36,640817.5,36687,58561,0.0,0.33007976512975135
37,599380.0,40262,54994,0.0,0.3203381046471969
38,625607.5,37158,58094,0.0,0.31088395027371907
39,630332.5,36175,59053,0.0,0.30170881682725825
40,633912.5,37399,57825,0.0,0.2928044695493541
41,626587.5,38307,56945,0.0,0.284162916714381
42,621765.0,37168,58092,0.0,0.2757764024569083
43,614895.0,35750,59482,0.0,0.2676373998107466
44,612750.0,38409,56831,0.0,0.25973860395343285
45,592062.5,36980,58260,0.0,0.2520729256500919
46,613397.5,34444,60792,0.0,0.244633484890789
47,599567.5,39227,56033,0.0,0.2374136047156641
48,590877.5,39188,56056,0.0,0.23040680522230456
49,630430.0,37593,57655,0.0,0.2236067977499791
50,604295.0,38283,56977,0.0,0.2170074792355126
51,627677.5,38225,57019,0.0,0.21060292673573625
52,603837.5,37337,57887,0.0,0.20438739211159668
53,579365.0,36744,58468,0.0,0.1983552968691536
54,593415.0,36658,58574,0.0,0.19250122715283513
55,565615.0,37002,58206,0.0,0.18681992888645743
56,576040.0,39111,56097,0.0,0.18130630305764775
57,615535.0,37474,57762,0.0,0.17595540114143837
58,562490.0,36523,58713,0.0,0.1707624206589245
59,610672.5,37341,57891,0.0,0.16572270086699945
60,596835.0,34033,61211,0.0,0.16083171857529904
61,567805.0,38313,56939,0.0,0.15608508408660077
62,569935.0,37687,57561,0.0,0.15147853725703392
63,583365.0,34689,60511,0.0,0.14700794367256523
64,595142.5,36970,58262,0.0,0.1426692909383279
65,581947.5,35847,59393,0.0,0.1384586850774638
66,583067.5,38148,57096,0.0,0.1343723470362471
67,570645.0,37806,57434,0.0,0.13040660929235195
68,604302.5,37270,58014,0.0,0.1265579125632209
69,553335.0,39001,56235,0.0,0.12282280261157914
70,552202.5,36820,58424,0.0,0.11919792714522794
71,558527.5,37466,57762,0.0,0.1156800328083345
72,591962.5,35420,59832,0.0,0.11226596226151811
73,563297.5,36278,58942,0.0,0.10895265134811186
74,550217.5,36481,58751,0.0,0.1057371263440565
75,565577.5,37922,57326,0.0,0.10261650128895852
76,558552.5,36501,58751,0.0,0.09958797539591661
77,537670.0,37453,57811,0.0,0.09664883053779226
78,529937.5,35603,59605,0.0,0.093796428807668
79,500602.5,36383,58845,0.0,0.0910282101513041
80,508085.0,37946,57334,0.0,0.08834169006946861
81,498175.0,33822,61402,0.0,0.08573445738807864
82,490850.0,37356,57892,0.0,0.08320417209415162
83,530365.0,39224,56024,0.0,0.08074856323562424
84,494987.5,33572,61644,0.0,0.07836542688315407
85,479832.5,37444,57776,0.0,0.07605262415207469
86,497957.5,33632,61628,0.0,0.07380807928272894
87,569842.5,36745,58483,0.0,0.07162977777745742
88,494197.5,35403,59845,0.0,0.06951576459257007
89,453360.0,30752,64468,0.0,0.06746414238367823
90,483780.0,32987,62217,0.0,0.06547306980281233
91,505195.0,35805,59451,0.0,0.06354075984579674
92,441585.0,37871,57381,0.0,0.06166547824839873
93,504212.5,35232,60004,0.0,0.059845541929811896
94,515282.5,35209,60035,0.0,0.05807931748207717
95,423907.5,33756,61488,0.0,0.0563652197040856
96,478607.5,35797,59443,0.0,0.05470171017884722
97,456132.5,34740,60484,0.0,0.053087295892748985
98,447567.5,34549,60679,0.0,0.051520527895562676
99,430845.0,35966,59262,0.0,0.05000000000000005
episode,total_reward,cache_hits,cache_misses,soft_hits,epsilon
0,0.0,87335,7553,0.0,0.9704869503929601
1,0.0,86866,7834,0.0,0.9418449208830277
2,0.0,86943,7857,0.0,0.9140482050108684
3,0.0,86695,8105,0.0,0.8870718549931568
4,0.0,87330,7530,0.0,0.8608916593317348
5,0.0,87627,7289,0.0,0.8354841210835904
6,0.0,87595,7229,0.0,0.8108264367721563
7,0.0,87651,7209,0.0,0.7868964759210002
8,0.0,87719,7165,0.0,0.7636727611915388
9,0.0,86875,7981,0.0,0.7411344491069478
10,0.0,87515,7265,0.0,0.7192613113449683
11,0.0,88402,6590,0.0,0.6980337165828197
12,0.0,86860,7840,0.0,0.6774326128779244
13,0.0,87371,7557,0.0,0.6574395105686316
14,0.0,87806,7098,0.0,0.6380364656795915
15,0.0,87778,7154,0.0,0.6192060638168893
16,0.0,87403,7521,0.0,0.6009314045384815
17,0.0,86997,7715,0.0,0.5831960861859091
18,0.0,87801,7147,0.0,0.5659841911636728
19,0.0,87518,7314,0.0,0.5492802716530589
20,0.0,87393,7483,0.0,0.5330693357475939
21,0.0,87556,7276,0.0,0.5173368339976833
22,0.0,87834,6978,0.0,0.5020686463523607
23,0.0,87490,7382,0.0,0.4872510694864241
24,0.0,87529,7343,0.0,0.472870804501588
25,0.0,88111,6825,0.0,0.45891494499061175
26,0.0,87520,7348,0.0,0.4453709654536918
27,0.0,87634,7082,0.0,0.43222671005672175
28,0.0,87407,7405,0.0,0.41947038172133005
29,0.0,87557,7239,0.0,0.40709053153690444
30,0.0,87235,7565,0.0,0.39507604848509953
31,0.0,87751,7121,0.0,0.3834161494676055
32,0.0,86493,8239,0.0,0.3721003696282278
33,0.0,86914,7830,0.0,0.36111855296059203
34,0.0,87327,7481,0.0,0.3504608431930436
35,0.0,87187,7525,0.0,0.3401176749425623
36,0.0,87133,7703,0.0,0.33007976512975135
37,0.0,87336,7400,0.0,0.3203381046471969
38,0.0,87008,7816,0.0,0.31088395027371907
39,0.0,87691,7133,0.0,0.30170881682725825
40,0.0,86836,7904,0.0,0.2928044695493541
41,0.0,87224,7524,0.0,0.284162916714381
42,0.0,87406,7286,0.0,0.2757764024569083
43,0.0,87652,7276,0.0,0.2676373998107466
44,0.0,86601,8147,0.0,0.25973860395343285
45,0.0,86384,8112,0.0,0.2520729256500919
46,0.0,87030,7722,0.0,0.244633484890789
47,0.0,86935,7733,0.0,0.2374136047156641
48,0.0,87386,7406,0.0,0.23040680522230456
49,0.0,86811,7881,0.0,0.2236067977499791
50,0.0,87506,7286,0.0,0.2170074792355126
51,0.0,87043,7617,0.0,0.21060292673573625
52,0.0,87412,7284,0.0,0.20438739211159668
53,0.0,85987,8485,0.0,0.1983552968691536
54,0.0,86088,8344,0.0,0.19250122715283513
55,0.0,87416,7472,0.0,0.18681992888645743
56,0.0,86177,8427,0.0,0.18130630305764775
57,0.0,86607,8149,0.0,0.17595540114143837
58,0.0,87127,7565,0.0,0.1707624206589245
59,0.0,86926,7690,0.0,0.16572270086699945
60,0.0,86618,8014,0.0,0.16083171857529904
61,0.0,86205,8395,0.0,0.15608508408660077
62,0.0,87178,7506,0.0,0.15147853725703392
63,0.0,86506,8094,0.0,0.14700794367256523
64,0.0,87136,7592,0.0,0.1426692909383279
65,0.0,86717,7979,0.0,0.1384586850774638
66,0.0,85612,8952,0.0,0.1343723470362471
67,0.0,87116,7580,0.0,0.13040660929235195
68,0.0,86262,8346,0.0,0.1265579125632209
69,0.0,86863,7885,0.0,0.12282280261157914
70,0.0,86167,8341,0.0,0.11919792714522794
71,0.0,85524,8944,0.0,0.1156800328083345
72,0.0,86394,8170,0.0,0.11226596226151811
73,0.0,87556,7288,0.0,0.10895265134811186
74,0.0,87545,7271,0.0,0.1057371263440565
75,0.0,86606,7930,0.0,0.10261650128895852
76,0.0,86345,8023,0.0,0.09958797539591661
77,0.0,86070,8602,0.0,0.09664883053779226
78,0.0,86131,8325,0.0,0.093796428807668
79,0.0,86559,8097,0.0,0.0910282101513041
80,0.0,86715,7957,0.0,0.08834169006946861
81,0.0,85917,8587,0.0,0.08573445738807864
82,0.0,86833,7787,0.0,0.08320417209415162
83,0.0,86828,7792,0.0,0.08074856323562424
84,0.0,85986,8534,0.0,0.07836542688315407
85,0.0,87134,7562,0.0,0.07605262415207469
86,0.0,86295,8257,0.0,0.07380807928272894
87,0.0,86408,8172,0.0,0.07162977777745742
88,0.0,86136,8416,0.0,0.06951576459257007
89,0.0,85539,8921,0.0,0.06746414238367823
90,0.0,87054,7690,0.0,0.06547306980281233
91,0.0,86187,8209,0.0,0.06354075984579674
92,0.0,86537,8087,0.0,0.06166547824839873
93,0.0,86973,7619,0.0,0.059845541929811896
94,0.0,86506,7990,0.0,0.05807931748207717
95,0.0,85898,8658,0.0,0.0563652197040856
96,0.0,84930,9358,0.0,0.05470171017884722
97,0.0,85880,8636,0.0,0.053087295892748985
98,0.0,85848,8492,0.0,0.051520527895562676
episode,total_reward,cache_hits,cache_misses,soft_hits,epsilon
0,6417.5,91707,4277,0.0,0.9704869503929601
1,6900.0,91762,4222,0.0,0.9418449208830277
2,6530.0,91683,4301,0.0,0.9140482050108684
3,6480.0,91484,4500,0.0,0.8870718549931568
4,6612.5,92086,3882,0.0,0.8608916593317348
5,6687.5,91559,4409,0.0,0.8354841210835904
6,6520.0,91493,4491,0.0,0.8108264367721563
7,6285.0,91873,4111,0.0,0.7868964759210002
8,6402.5,91285,4699,0.0,0.7636727611915388
9,6525.0,92220,3764,0.0,0.7411344491069478
10,6760.0,91755,4229,0.0,0.7192613113449683
11,6652.5,92370,3614,0.0,0.6980337165828197
12,6660.0,91676,4308,0.0,0.6774326128779244
13,6255.0,91770,4214,0.0,0.6574395105686316
14,6630.0,91849,4135,0.0,0.6380364656795915
15,6660.0,91607,4377,0.0,0.6192060638168893
16,6460.0,91778,4206,0.0,0.6009314045384815
17,6315.0,92388,3596,0.0,0.5831960861859091
18,6527.5,91830,4154,0.0,0.5659841911636728
19,6937.5,91895,4089,0.0,0.5492802716530589
20,6355.0,91377,4607,0.0,0.5330693357475939
21,6445.0,91887,4097,0.0,0.5173368339976833
22,6250.0,91909,4059,0.0,0.5020686463523607
23,6260.0,91596,4388,0.0,0.4872510694864241
24,6757.5,91939,4045,0.0,0.472870804501588
25,6347.5,91497,4487,0.0,0.45891494499061175
26,6445.0,91471,4513,0.0,0.4453709654536918
27,6190.0,91807,4177,0.0,0.43222671005672175
28,6415.0,91897,4087,0.0,0.41947038172133005
29,6402.5,91548,4436,0.0,0.40709053153690444
30,6112.5,91676,4308,0.0,0.39507604848509953
31,6435.0,91683,4301,0.0,0.3834161494676055
32,5770.0,91851,4133,0.0,0.3721003696282278
33,6470.0,91931,4053,0.0,0.36111855296059203
34,6792.5,91107,4877,0.0,0.3504608431930436
35,6360.0,92055,3929,0.0,0.3401176749425623
36,6132.5,91059,4925,0.0,0.33007976512975135
37,6235.0,91849,4135,0.0,0.3203381046471969
38,6347.5,91564,4420,0.0,0.31088395027371907
39,6732.5,91834,4150,0.0,0.30170881682725825
40,6700.0,91958,4010,0.0,0.2928044695493541
41,6735.0,91632,4352,0.0,0.284162916714381
42,6052.5,91937,4047,0.0,0.2757764024569083
43,6200.0,91945,4039,0.0,0.2676373998107466
44,6342.5,91351,4633,0.0,0.25973860395343285
45,6627.5,91487,4497,0.0,0.2520729256500919
46,6727.5,91650,4334,0.0,0.244633484890789
47,6432.5,92246,3738,0.0,0.2374136047156641
48,6477.5,91668,4316,0.0,0.23040680522230456
49,6927.5,91886,4098,0.0,0.2236067977499791
50,6797.5,91979,4005,0.0,0.2170074792355126
51,6600.0,91801,4183,0.0,0.21060292673573625
52,6875.0,92070,3914,0.0,0.20438739211159668
53,6795.0,92380,3604,0.0,0.1983552968691536
54,6452.5,91535,4449,0.0,0.19250122715283513
55,6640.0,91531,4453,0.0,0.18681992888645743
56,6740.0,91863,4121,0.0,0.18130630305764775
57,6565.0,91939,4045,0.0,0.17595540114143837
58,6395.0,91033,4951,0.0,0.1707624206589245
59,6860.0,92014,3970,0.0,0.16572270086699945
60,6377.5,91733,4235,0.0,0.16083171857529904
61,6960.0,92091,3893,0.0,0.15608508408660077
62,6745.0,91537,4447,0.0,0.15147853725703392
63,6310.0,92054,3930,0.0,0.14700794367256523
64,6517.5,91496,4488,0.0,0.1426692909383279
65,6902.5,91491,4493,0.0,0.1384586850774638
66,6155.0,90930,5054,0.0,0.1343723470362471
67,7125.0,92599,3385,0.0,0.13040660929235195
68,6792.5,91574,4410,0.0,0.1265579125632209
69,6595.0,91089,4895,0.0,0.12282280261157914
70,6477.5,92046,3938,0.0,0.11919792714522794
71,6700.0,91832,4152,0.0,0.1156800328083345
72,6862.5,91697,4287,0.0,0.11226596226151811
73,6877.5,91720,4264,0.0,0.10895265134811186
74,6720.0,91837,4147,0.0,0.1057371263440565
75,6822.5,91851,4133,0.0,0.10261650128895852
76,6740.0,91439,4529,0.0,0.09958797539591661
77,6730.0,91558,4426,0.0,0.09664883053779226
78,6945.0,91784,4200,0.0,0.093796428807668
79,6547.5,91462,4522,0.0,0.0910282101513041
80,7065.0,91940,4044,0.0,0.08834169006946861
81,6795.0,92037,3947,0.0,0.08573445738807864
82,6797.5,92188,3796,0.0,0.08320417209415162
83,6865.0,92002,3982,0.0,0.08074856323562424
84,6762.5,91616,4368,0.0,0.07836542688315407
85,6547.5,92056,3912,0.0,0.07605262415207469
86,6485.0,91361,4623,0.0,0.07380807928272894
87,7010.0,91970,4014,0.0,0.07162977777745742
88,6852.5,91923,4061,0.0,0.06951576459257007
89,6305.0,92146,3838,0.0,0.06746414238367823
90,6182.5,92010,3974,0.0,0.06547306980281233
91,6877.5,91890,4078,0.0,0.06354075984579674
92,6930.0,91216,4768,0.0,0.06166547824839873
93,6387.5,92175,3809,0.0,0.059845541929811896
94,6897.5,91768,4216,0.0,0.05807931748207717
95,6777.5,91921,4063,0.0,0.0563652197040856
96,6680.0,91413,4571,0.0,0.05470171017884722
97,6757.5,91582,4386,0.0,0.053087295892748985
98,6632.5,91080,4904,0.0,0.051520527895562676
99,6685.0,91957,4027,0.0,0.05000000000000005
episode,total_reward,cache_hits,cache_misses,soft_hits,epsilon
0,698695.0,38054,57930,0.0,0.9704869503929601
1,727145.0,38343,57641,0.0,0.9418449208830277
2,696177.5,37055,58929,0.0,0.9140482050108684
3,698557.5,37609,58375,0.0,0.8870718549931568
4,716852.5,40240,55744,0.0,0.8608916593317348
5,694012.5,37456,58528,0.0,0.8354841210835904
6,690805.0,40630,55354,0.0,0.8108264367721563
7,710865.0,39594,56390,0.0,0.7868964759210002
8,701290.0,38587,57397,0.0,0.7636727611915388
9,683845.0,39850,56134,0.0,0.7411344491069478
10,686067.5,38263,57721,0.0,0.7192613113449683
11,703055.0,39499,56469,0.0,0.6980337165828197
12,718412.5,39097,56887,0.0,0.6774326128779244
13,700817.5,41210,54774,0.0,0.6574395105686316
14,658580.0,37554,58430,0.0,0.6380364656795915
15,734347.5,42140,53844,0.0,0.6192060638168893
16,701655.0,39754,56230,0.0,0.6009314045384815
17,719315.0,39262,56722,0.0,0.5831960861859091
18,694662.5,39435,56549,0.0,0.5659841911636728
19,731032.5,37634,58350,0.0,0.5492802716530589
20,691917.5,42370,53614,0.0,0.5330693357475939
21,697197.5,39060,56908,0.0,0.5173368339976833
22,712502.5,40936,55048,0.0,0.5020686463523607
23,696645.0,37650,58334,0.0,0.4872510694864241
24,693100.0,37724,58260,0.0,0.472870804501588
25,707650.0,38579,57405,0.0,0.45891494499061175
26,691312.5,37446,58538,0.0,0.4453709654536918
27,704925.0,41150,54834,0.0,0.43222671005672175
28,706780.0,37450,58534,0.0,0.41947038172133005
29,700565.0,40960,55024,0.0,0.40709053153690444
30,687390.0,39871,56097,0.0,0.39507604848509953
31,691412.5,42179,53805,0.0,0.3834161494676055
32,680420.0,42193,53791,0.0,0.3721003696282278
33,683700.0,40693,55291,0.0,0.36111855296059203
34,654532.5,39847,56137,0.0,0.3504608431930436
35,699757.5,36590,59394,0.0,0.3401176749425623
36,677617.5,39605,56379,0.0,0.33007976512975135
37,665332.5,39475,56509,0.0,0.3203381046471969
38,660767.5,40523,55461,0.0,0.31088395027371907
39,700810.0,39812,56172,0.0,0.30170881682725825
40,691890.0,40603,55381,0.0,0.2928044695493541
41,702452.5,37931,58053,0.0,0.284162916714381
42,674682.5,40926,55058,0.0,0.2757764024569083
43,691505.0,36946,59038,0.0,0.2676373998107466
44,694282.5,39571,56413,0.0,0.25973860395343285
45,690590.0,40538,55446,0.0,0.2520729256500919
46,679047.5,39106,56878,0.0,0.244633484890789
47,719067.5,38668,57316,0.0,0.2374136047156641
48,691760.0,41811,54173,0.0,0.23040680522230456
49,703405.0,39272,56712,0.0,0.2236067977499791
50,687537.5,38524,57460,0.0,0.2170074792355126
51,655602.5,38462,57506,0.0,0.21060292673573625
52,654445.0,40471,55513,0.0,0.20438739211159668
53,687047.5,39598,56386,0.0,0.1983552968691536
54,660300.0,39486,56498,0.0,0.19250122715283513
55,680095.0,37744,58240,0.0,0.18681992888645743
56,630722.5,38912,57072,0.0,0.18130630305764775
57,626987.5,40327,55657,0.0,0.17595540114143837
58,649362.5,39791,56193,0.0,0.1707624206589245
59,677032.5,42626,53358,0.0,0.16572270086699945
60,607772.5,37716,58268,0.0,0.16083171857529904
61,644970.0,37921,58063,0.0,0.15608508408660077
62,660567.5,38079,57905,0.0,0.15147853725703392
63,682312.5,39908,56076,0.0,0.14700794367256523
64,629987.5,38700,57284,0.0,0.1426692909383279
65,657230.0,38160,57808,0.0,0.1384586850774638
66,640847.5,37233,58751,0.0,0.1343723470362471
67,608145.0,37633,58351,0.0,0.13040660929235195
68,643600.0,40238,55746,0.0,0.1265579125632209
69,607957.5,37214,58770,0.0,0.12282280261157914
70,661880.0,37441,58543,0.0,0.11919792714522794
71,605950.0,36783,59201,0.0,0.1156800328083345
72,588345.0,37699,58285,0.0,0.11226596226151811
73,612022.5,37566,58418,0.0,0.10895265134811186
74,599295.0,37175,58809,0.0,0.1057371263440565
75,609327.5,37640,58344,0.0,0.10261650128895852
76,611660.0,38376,57608,0.0,0.09958797539591661
77,573987.5,36011,59973,0.0,0.09664883053779226
78,592007.5,34860,61124,0.0,0.093796428807668
79,592015.0,35794,60190,0.0,0.0910282101513041
80,574797.5,37747,58221,0.0,0.08834169006946861
81,578602.5,38031,57953,0.0,0.08573445738807864
82,564442.5,37016,58968,0.0,0.08320417209415162
83,564192.5,36892,59092,0.0,0.08074856323562424
84,538017.5,39233,56751,0.0,0.07836542688315407
85,625437.5,38075,57909,0.0,0.07605262415207469
86,583197.5,34941,61043,0.0,0.07380807928272894
87,546070.0,33591,62377,0.0,0.07162977777745742
88,576425.0,35777,60207,0.0,0.06951576459257007
89,538407.5,37265,58719,0.0,0.06746414238367823
90,536427.5,38957,57027,0.0,0.06547306980281233
91,533480.0,36748,59236,0.0,0.06354075984579674
92,522762.5,34518,61466,0.0,0.06166547824839873
93,516505.0,35264,60720,0.0,0.059845541929811896
94,519192.5,35680,60304,0.0,0.05807931748207717
95,484442.5,39746,56238,0.0,0.0563652197040856
96,566692.5,35899,60085,0.0,0.05470171017884722
97,544635.0,35506,60478,0.0,0.053087295892748985
98,554165.0,33027,62941,0.0,0.051520527895562676
99,468970.0,35050,60934,0.0,0.05000000000000005
