episode,total_reward,cache_hits,cache_misses,enhanced_layer_cache_hits,enhanced_layer_cache_misses,base_layer_cache_hits,base_layer_cache_misses,average_psnr,epsilon
0,7132.834112900619,109154,11712,13154,11712,96000,0,36.91035446479183,0.985
1,6662.744310996537,109107,11716,13107,11716,96000,0,36.364149589277545,0.970225
2,7002.775627719781,109381,11564,13381,11564,96000,0,36.64576680780564,0.955671625
3,6868.350740277504,109356,11559,13356,11559,96000,0,36.70865095510207,0.941336550625
4,6907.673681078457,109549,11285,13549,11285,96000,0,36.67607564329982,0.927216502365625
5,7258.749799011482,109474,11206,13474,11206,96000,0,36.794501898345565,0.9133082548301407
6,6834.699955667192,109389,11454,13389,11454,96000,0,36.323288763755734,0.8996086310076885
7,7461.241025599917,109784,11040,13784,11040,96000,0,36.83883841855415,0.8861145015425732
8,7532.8200171529015,109818,10999,13818,10999,96000,0,36.92922727379433,0.8728227840194346
9,7044.72120461202,109647,11261,13647,11261,96000,0,36.96242100753201,0.8597304422591431
10,6965.651477338434,109589,11121,13589,11121,96000,0,36.67975801126258,0.8468344856252559
11,7200.257429603865,109925,10927,13925,10927,96000,0,36.82542800777278,0.834131968340877
12,7574.860593847237,110138,10624,14138,10624,96000,0,36.794043937179474,0.8216199888157638
13,7612.636304369975,110213,10525,14213,10525,96000,0,36.89816557868578,0.8092956889835273
14,7416.628239582059,110446,10394,14446,10394,96000,0,36.862272110769595,0.7971562536487744
15,7414.592181110054,110591,10174,14591,10174,96000,0,37.07819774114712,0.7851989098440427
16,7236.6580478038495,110409,10542,14409,10542,96000,0,36.61255939074335,0.773420926196382
17,7475.425489337928,110848,10033,14848,10033,96000,0,36.89020016178549,0.7618196123034363
18,7542.010151813428,110708,10152,14708,10152,96000,0,37.009342034407766,0.7503923181188847
19,7809.856591491617,110937,9871,14937,9871,96000,0,37.33669406005279,0.7391364333471014
20,7335.239052522747,110873,10010,14873,10010,96000,0,36.85752719350221,0.7280493868468949
21,7920.131678751363,111333,9518,15333,9518,96000,0,37.48256862936785,0.7171286460441915
22,8049.395055274863,111485,9268,15485,9268,96000,0,37.13517126675722,0.7063717163535286
23,8241.389860838539,111389,9476,15389,9476,96000,0,37.308536330644564,0.6957761406082257
24,7590.272537048381,111094,9668,15094,9668,96000,0,36.864491795683165,0.6853394984991023
25,7800.371917117369,111794,9213,15794,9213,96000,0,37.03497700954177,0.6750594060216157
26,8123.941820532081,111656,9219,15656,9219,96000,0,37.384165591673614,0.6649335149312915
27,8312.785427843437,111940,8900,15940,8900,96000,0,37.40362515324822,0.6549595122073221
28,7984.463921846474,111819,9162,15819,9162,96000,0,36.97433705612067,0.6451351195242122
29,8047.160485514422,111977,8767,15977,8767,96000,0,37.577109567241706,0.635458092731349
30,8481.710018906106,112257,8513,16257,8513,96000,0,37.427642034928596,0.6259262213403788
31,8333.412396730575,111967,8676,15967,8676,96000,0,37.43369569413821,0.6165373280202731
32,8197.565396296486,112233,8459,16233,8459,96000,0,37.147234800204224,0.607289268099969
33,8397.284437616672,112334,8486,16334,8486,96000,0,37.41407413022929,0.5981799290784694
34,8880.75961027413,112478,8239,16478,8239,96000,0,37.844620942056174,0.5892072301422924
35,8262.602497768346,112521,8437,16521,8437,96000,0,37.29843772153449,0.580369121690158
36,8300.075044303148,112629,8271,16629,8271,96000,0,37.09155649225873,0.5716635848648056
37,8386.979397134372,112474,8396,16474,8396,96000,0,37.425372357443464,0.5630886310918335
38,8645.61220173342,112683,8085,16683,8085,96000,0,37.511059764418924,0.554642301625456
39,8187.447875125716,112401,8518,16401,8518,96000,0,37.27256921221356,0.5463226671010741
40,8406.04669686897,112914,7895,16914,7895,96000,0,37.233682516698096,0.538127827094558
41,8949.299480664406,112247,8668,16247,8668,96000,0,37.315665592416124,0.5300559096881396
42,8649.6783242032,112874,8011,16874,8011,96000,0,37.415854372826054,0.5221050710428176
43,8564.507605017248,112770,7919,16770,7919,96000,0,37.4844138885887,0.5142734949771753
44,9024.43661325091,112995,7769,16995,7769,96000,0,37.74601467027935,0.5065593925525177
45,8316.131586797963,112704,8158,16704,8158,96000,0,37.22616630121924,0.4989610016642299
46,8721.759224284053,113290,7539,17290,7539,96000,0,37.6229014628182,0.49147658663926647
47,8857.332556884801,113234,7662,17234,7662,96000,0,37.756968949859875,0.48410443783967744
48,8840.874455855997,113202,7522,17202,7522,96000,0,37.5270942974873,0.47684287127208225
49,8884.286947586877,113455,7461,17455,7461,96000,0,37.79960726582647,0.469690228203001
50,8840.921753499379,113673,7384,17673,7384,96000,0,37.60482610476061,0.462644874779956
51,8841.673671921511,113243,7581,17243,7581,96000,0,37.53475544904912,0.4557052016582566
52,8837.479201855107,113599,7257,17599,7257,96000,0,37.48969137326913,0.4488696236333828
53,9311.112482088414,113514,7255,17514,7255,96000,0,37.95059898230045,0.44213657927888206
54,9340.409406917172,113673,7262,17673,7262,96000,0,37.94550738465947,0.43550453058969885
55,8863.074949169826,113977,6780,17977,6780,96000,0,37.78571755238973,0.42897196263085335
56,9047.353593171163,113529,7378,17529,7378,96000,0,37.78247746182592,0.42253738319139056
57,9316.419565436534,113923,6873,17923,6873,96000,0,37.65022027777608,0.4161993224435197
58,9071.278245505522,113976,6962,17976,6962,96000,0,37.926648878883825,0.4099563326068669
59,9070.220866144044,114061,6763,18061,6763,96000,0,38.043357719901884,0.4038069876177639
60,9335.1317401655,114392,6365,18392,6365,96000,0,37.87328103320977,0.39774988280349743
61,9198.96656707305,113943,6983,17943,6983,96000,0,37.78822618544521,0.391783634561445
62,9692.653361286806,114642,6312,18642,6312,96000,0,37.906302376905,0.3859068800430233
63,9055.020086129542,114109,6606,18109,6606,96000,0,37.631885603949,0.380118276842378
64,9669.38756043469,114313,6614,18313,6614,96000,0,38.03777686370769,0.3744165026897423
65,8912.069278991085,113443,7290,17443,7290,96000,0,37.57834994467335,0.3688002551493962
66,9149.458707826961,114379,6460,18379,6460,96000,0,37.75360647213702,0.36326825132215523
67,9516.37597968972,114412,6333,18412,6333,96000,0,37.827577523451744,0.3578192275523229
68,9560.030452799343,113965,6752,17965,6752,96000,0,37.76501207410757,0.35245193913903805
69,9513.592971067459,114776,5959,18776,5959,96000,0,38.10509874168514,0.34716516005195247
70,9191.87164568649,113978,6830,17978,6830,96000,0,37.578481708416135,0.34195768265117316
71,9529.983165084064,114764,6125,18764,6125,96000,0,37.97552372065054,0.33682831741140556
72,9282.979461972871,114591,6305,18591,6305,96000,0,37.98735504591215,0.3317758926502345
73,9948.116930875927,114725,6093,18725,6093,96000,0,38.19471444145293,0.32679925426048095
74,9684.46816253407,114627,6341,18627,6341,96000,0,38.039485403389406,0.3218972654465737
75,10022.735536122962,114989,5985,18989,5985,96000,0,38.18552276550937,0.3170688064648751
76,9378.94583056264,113736,7041,17736,7041,96000,0,37.79015237495092,0.312312774367902
77,9331.174521643192,114450,6411,18450,6411,96000,0,37.915058963274795,0.30762808275238346
78,9923.227479652394,115183,5620,19183,5620,96000,0,38.280033323902785,0.3030136615110977
79,9312.36982131331,114651,6281,18651,6281,96000,0,37.726504669649955,0.29846845658843124
80,9263.650129357968,114958,5849,18958,5849,96000,0,37.98004380140652,0.2939914297396048
81,9520.553322706317,114808,5857,18808,5857,96000,0,37.98060060105465,0.28958155829351073
82,9615.806654045273,115180,5570,19180,5570,96000,0,38.12934353266951,0.2852378349191081
83,9556.297623837447,115136,5728,19136,5728,96000,0,37.76636135341399,0.28095926739532145
84,9483.916840007032,115097,5716,19097,5716,96000,0,38.060716969844734,0.2767448783843916
85,10072.52699670511,115252,5475,19252,5475,96000,0,38.097851915945036,0.27259370520862575
86,9686.3522612691,114909,5964,18909,5964,96000,0,37.994481621349564,0.26850479963049634
87,9334.832497970536,115049,5780,19049,5780,96000,0,38.09081752792526,0.26447722763603887
88,9578.95998786607,114810,5996,18810,5996,96000,0,37.74043200957507,0.2605100692214983
89,9281.237055900365,114742,6152,18742,6152,96000,0,37.84011779598568,0.2566024181831758
90,9265.838231447422,114984,5781,18984,5781,96000,0,38.047535480203486,0.2527533819104282
91,9208.808316237535,114374,6469,18374,6469,96000,0,37.97302245497393,0.24896208118177174
92,9863.550268079836,115447,5432,19447,5432,96000,0,38.264128473801556,0.24522764996404517
93,9708.03260131797,115281,5599,19281,5599,96000,0,38.07960785580345,0.2415492352145845
94,9709.628286584193,114386,6444,18386,6444,96000,0,37.7592650470426,0.23792599668636571
95,9687.77934954744,114951,5917,18951,5917,96000,0,38.03818873079522,0.23435710673607021
96,9889.795592556842,115165,5660,19165,5660,96000,0,37.96642656302607,0.23084175013502917
97,9537.17983647138,115186,5628,19186,5628,96000,0,37.884779327767696,0.22737912388300371
98,10170.248131223767,116064,4869,20064,4869,96000,0,38.33380526759109,0.22396843702475866
99,10316.731185893812,115465,5288,19465,5288,96000,0,38.158464842365,0.22060891046938727
100,10259.24227383393,114855,5764,18855,5764,96000,0,38.120346064052306,0.21729977681234647
101,9559.900651517682,114919,5985,18919,5985,96000,0,37.76362005100454,0.21404028016016127
102,9796.28780252004,115505,5380,19505,5380,96000,0,38.09965164003637,0.21082967595775884
103,9652.465330277222,115399,5412,19399,5412,96000,0,38.08556671919961,0.20766723081839245
104,9784.963037143028,115819,5058,19819,5058,96000,0,38.18695794542443,0.20455222235611656
105,10113.505304677888,115498,5408,19498,5408,96000,0,38.16717557743753,0.2014839390207748
106,10204.776406863552,115807,4906,19807,4906,96000,0,38.44393742711183,0.19846167993546318
107,10361.98070006043,115961,4883,19961,4883,96000,0,37.98959138046116,0.19548475473643123
108,10038.821485318955,115747,5153,19747,5153,96000,0,38.17735925273051,0.19255248341538475
109,9480.342613691655,115840,5025,19840,5025,96000,0,37.942097442572106,0.18966419616415398
110,10436.84663110864,115835,4940,19835,4940,96000,0,38.48247599049079,0.18681923322169167
111,10243.57864485135,115732,5155,19732,5155,96000,0,38.16171650502947,0.1840169447233663
112,9862.017898984604,115439,5495,19439,5495,96000,0,38.19074407595516,0.1812566905525158
113,10115.310432422744,116047,4882,20047,4882,96000,0,38.27966015046558,0.17853784019422808
114,9726.83424489163,115773,5116,19773,5116,96000,0,38.1873480055628,0.17585977259131466
115,9620.261880164022,115773,5159,19773,5159,96000,0,38.075051508189134,0.17322187600244493
116,9772.457608180375,115845,5037,19845,5037,96000,0,38.162872143117575,0.17062354786240824
117,10352.66324668451,116067,4683,20067,4683,96000,0,38.30421969318084,0.16806419464447211
118,10004.75686608382,114963,5775,18963,5775,96000,0,38.15493638958741,0.16554323172480503
119,10100.58806424866,116222,4622,20222,4622,96000,0,38.079285968926015,0.16306008324893295
120,9865.231954581974,115533,5367,19533,5367,96000,0,37.868944106311204,0.16061418200019895
121,9965.71551382466,115921,4820,19921,4820,96000,0,38.13073189302197,0.15820496927019595
122,9283.643747783737,115153,5674,19153,5674,96000,0,37.816617580622555,0.155831894731143
123,9991.835311910334,115884,4924,19884,4924,96000,0,38.07933412781329,0.15349441631017585
124,10097.93080695698,115989,4818,19989,4818,96000,0,38.25896418404776,0.15119200006552322
125,10200.180774469536,115970,4776,19970,4776,96000,0,38.26070050144754,0.14892412006454037
126,9816.690106620634,115917,5064,19917,5064,96000,0,38.10404392604518,0.14669025826357227
127,10237.324416233165,116217,4807,20217,4807,96000,0,38.25712569286574,0.14448990438961867
128,10007.847996287988,116141,4682,20141,4682,96000,0,38.2508069215161,0.1423225558237744
129,9903.979746004345,116138,4602,20138,4602,96000,0,38.049630080495675,0.14018771748641778
130,9961.16700728487,115491,5354,19491,5354,96000,0,38.170130954841795,0.13808490172412152
131,10142.87706158092,115690,5265,19690,5265,96000,0,37.85575465847232,0.1360136281982597
132,10537.690755482388,115983,4807,19983,4807,96000,0,38.01302926799496,0.13397342377528582
133,10672.717688024772,116144,4696,20144,4696,96000,0,38.299612795292944,0.13196382241865653
134,9664.785364285699,115808,4958,19808,4958,96000,0,37.99043785670877,0.12998436508237668
135,10287.05300315267,115878,4991,19878,4991,96000,0,38.19166891453092,0.12803459960614103
136,9985.346085582723,116021,4984,20021,4984,96000,0,38.206375089708104,0.1261140806120489
137,10426.52433051104,116647,4155,20647,4155,96000,0,38.338795515077216,0.12422236940286817
138,10120.747388581036,115766,5199,19766,5199,96000,0,38.21563087948715,0.12235903386182514
139,10564.554820223259,116656,4068,20656,4068,96000,0,38.555935151990944,0.12052364835389777
140,10664.262212500895,116744,4001,20744,4001,96000,0,38.4317137758432,0.1187157936285893
141,9872.919449609242,115859,4890,19859,4890,96000,0,38.06241421780541,0.11693505672416046
142,10244.055812721766,116005,4729,20005,4729,96000,0,38.3430219634063,0.11518103087329805
143,10763.648756490733,116812,4124,20812,4124,96000,0,38.471675787852256,0.11345331541019858
144,9813.340130737943,116194,4668,20194,4668,96000,0,38.2470864762007,0.11175151567904561
145,10153.050940124713,116060,4917,20060,4917,96000,0,38.485496810979264,0.11007524294385992
146,10585.443603808197,116295,4474,20295,4474,96000,0,38.17552770471641,0.10842411429970203
147,10381.026039883187,116179,4508,20179,4508,96000,0,38.303286606674575,0.1067977525852065
148,10329.168630066717,116296,4314,20296,4314,96000,0,38.33009899769139,0.10519578629642841
149,10164.768939492908,116122,4730,20122,4730,96000,0,38.25461689218252,0.10361784950198198
150,10820.6962552701,116626,4189,20626,4189,96000,0,38.438898903675415,0.10206358175945225
151,10519.596589480274,116601,4163,20601,4163,96000,0,38.057075722684054,0.10053262803306047
152,10449.864191879618,116976,3925,20976,3925,96000,0,38.320693399926384,0.09902463861256457
153,10222.615423666039,116627,4368,20627,4368,96000,0,38.40151808672723,0.09753926903337609
154,9881.030298927675,115538,5329,19538,5329,96000,0,38.04064351946979,0.09607617999787545
155,10360.73978012734,116404,4515,20404,4515,96000,0,38.258551566457356,0.09463503729790732
156,10282.773940753472,116179,4620,20179,4620,96000,0,38.2591987220698,0.0932155117384387
157,10472.579318745056,116320,4628,20320,4628,96000,0,38.20747882196976,0.09181727906236212
158,10704.44362192999,116402,4403,20402,4403,96000,0,38.40714312709237,0.09044001987642668
159,10662.493236706676,116459,4598,20459,4598,96000,0,38.40655430058567,0.08908341957828028
160,9966.518433537276,116247,4742,20247,4742,96000,0,38.32320919480349,0.08774716828460608
161,10645.875636876806,116813,4129,20813,4129,96000,0,38.28989023538263,0.08643096076033699
162,10559.658487799932,116001,4875,20001,4875,96000,0,38.30404072438567,0.08513449634893193
163,10216.774503869212,116215,4630,20215,4630,96000,0,38.196071204800695,0.08385747890369795
164,10518.104898514028,116868,4095,20868,4095,96000,0,38.26742497791385,0.08259961672014247
165,10576.385010585074,116164,4659,20164,4659,96000,0,38.259531985791,0.08136062246934034
166,10470.834705286936,116126,4659,20126,4659,96000,0,38.36904565589686,0.08014021313230023
167,10407.059119303856,116150,4756,20150,4756,96000,0,38.28971175622408,0.07893810993531572
168,10477.76586681054,116893,3683,20893,3683,96000,0,38.187957228837774,0.07775403828628598
169,10349.316217063762,116135,4693,20135,4693,96000,0,38.1252194115435,0.07658772771199168
170,11109.380404273064,116679,3896,20679,3896,96000,0,38.66506546256183,0.0754389117963118
171,10128.065350515806,116066,4578,20066,4578,96000,0,38.23250282023806,0.07430732811936713
172,10580.399040381484,116300,4354,20300,4354,96000,0,38.36195000964319,0.07319271819757663
173,10624.414765766709,116903,4002,20903,4002,96000,0,38.356704929844625,0.07209482742461297
174,9898.483323351853,116180,4663,20180,4663,96000,0,37.96657524896341,0.07101340501324377
175,10119.183006957699,116562,4429,20562,4429,96000,0,38.079514095999116,0.06994820393804511
176,10818.055479273346,116990,3911,20990,3911,96000,0,38.545501039624284,0.06889898087897443
177,10055.843674114756,115675,5160,19675,5160,96000,0,37.9785114339348,0.06786549616578981
178,10988.744270361982,116744,4239,20744,4239,96000,0,38.31037193806486,0.06684751372330296
179,10141.793732703818,116555,4317,20555,4317,96000,0,38.28892237612699,0.06584480101745341
180,10429.574886453436,116640,4185,20640,4185,96000,0,38.178270472323625,0.06485712900219161
181,10413.410187980899,116344,4429,20344,4429,96000,0,38.328337081888364,0.06388427206715873
182,10407.678582175702,116780,4250,20780,4250,96000,0,38.389357940798185,0.06292600798615135
183,10590.253489421404,116582,4205,20582,4205,96000,0,38.52400452993815,0.06198211786635908
184,10455.507988607693,116422,4464,20422,4464,96000,0,38.28274393434072,0.06105238609836369
185,10576.301162769216,116667,4151,20667,4151,96000,0,38.2640664007792,0.060136600306888235
186,10861.627899918427,116688,4347,20688,4347,96000,0,38.44574703359847,0.05923455130228491
187,10324.51699898861,116422,4391,20422,4391,96000,0,38.25938772389546,0.058346033032750634
188,10354.109863167672,116870,3847,20870,3847,96000,0,38.487943612348744,0.05747084253725938
189,10441.882206692913,116765,4102,20765,4102,96000,0,38.5351436270837,0.05660877989920048
190,10052.143824490093,116613,4304,20613,4304,96000,0,38.13231806305943,0.055759648200712476
191,10480.608474884573,116492,4259,20492,4259,96000,0,38.140121643242715,0.054923253477701786
192,10604.869495846491,116581,4280,20581,4280,96000,0,38.43285689161171,0.054099404675536256
193,10694.050706901191,116478,4245,20478,4245,96000,0,38.354346048681464,0.05328791360540321
194,10031.108920050365,116482,4346,20482,4346,96000,0,38.228747713527426,0.05248859490132216
195,10400.613239333483,116405,4495,20405,4495,96000,0,38.16616632605103,0.05170126597780233
196,10536.145582179814,116930,3878,20930,3878,96000,0,38.539537476415866,0.05092574698813529
197,11097.508718695419,116859,3868,20859,3868,96000,0,38.55076603485229,0.05016186078331326
198,10309.640904852256,116745,4126,20745,4126,96000,0,38.29250491076577,0.05
199,10534.041034887947,117013,3643,21013,3643,96000,0,38.338586126801,0.05
