episode,total_reward,cache_hits,cache_misses,epsilon
0,12746.997747795998,117446,3323,0.995
1,12883.882550624036,118096,2626,0.990025
2,12935.665928525172,118046,2748,0.985074875
3,12958.682687314107,118166,2751,0.9801495006250001
4,12923.9240354978,117739,3039,0.9752487531218751
5,12861.364502637623,117770,2987,0.9703725093562657
6,13082.749604247674,117727,3126,0.9655206468094844
7,12388.648109150383,117710,3110,0.960693043575437
8,13087.518141068123,117852,3004,0.9558895783575597
9,12544.110940679324,117940,2801,0.9511101304657719
10,13127.98999769956,118109,2709,0.946354579813443
11,13235.377918764721,118177,2602,0.9416228069143757
12,12792.057905600483,118130,2733,0.9369146928798039
13,13011.654688818231,118139,2818,0.9322301194154049
14,13299.36667963043,118036,2769,0.9275689688183278
15,13197.447616830934,117976,2824,0.9229311239742362
16,13175.603449610076,117918,2840,0.918316468354365
17,12845.270540246287,118056,2903,0.9137248860125932
18,13045.989931645481,118046,2819,0.9091562615825302
19,12845.535859277683,118282,2567,0.9046104802746175
20,13020.217872373669,118235,2637,0.9000874278732445
21,12742.89122272394,118107,2740,0.8955869907338783
22,13424.09510439145,118266,2629,0.8911090557802088
23,12783.074164037398,118190,2742,0.8866535105013078
24,13106.938565019258,118304,2531,0.8822202429488013
25,12954.625233646113,117864,2931,0.8778091417340573
26,12922.160602975355,118101,2742,0.8734200960253871
27,12960.590056976087,118149,2759,0.8690529955452602
28,13108.27406852941,118179,2532,0.8647077305675338
29,12609.900682696663,118385,2507,0.8603841919146962
30,13566.531861830066,118327,2701,0.8560822709551227
31,13198.331479370052,118272,2465,0.851801859600347
32,13543.006608380723,118314,2527,0.8475428503023453
33,13047.587318566832,118470,2367,0.8433051360508336
34,13292.348363792978,118201,2691,0.8390886103705794
35,13228.173031034003,118412,2417,0.8348931673187264
36,13247.804337508765,118285,2552,0.8307187014821328
37,13196.382418570003,118368,2460,0.8265651079747222
38,13653.297453560606,118480,2454,0.8224322824348486
39,12957.20993587649,118443,2474,0.8183201210226743
40,13674.347333408092,118505,2419,0.8142285204175609
41,13473.097493450627,118686,2414,0.810157377815473
42,13111.874667570153,118585,2300,0.8061065909263957
43,13518.232736945523,118542,2217,0.8020760579717637
44,13170.060673086859,118315,2512,0.798065677681905
45,13376.25421305416,118344,2469,0.7940753492934954
46,13129.579830584495,118257,2512,0.7901049725470279
47,12820.716422579619,118387,2447,0.7861544476842928
48,12861.72250970169,118479,2340,0.7822236754458713
49,13290.571318553044,118344,2365,0.778312557068642
50,13372.515397674411,118449,2379,0.7744209942832988
51,13080.829734667594,118716,2157,0.7705488893118823
52,13328.24330401398,118490,2375,0.7666961448653229
53,13191.372875261888,118500,2334,0.7628626641409962
54,13889.017051301762,118415,2401,0.7590483508202912
55,13449.127934107959,118568,2303,0.7552531090661897
56,13272.559001313732,118469,2406,0.7514768435208588
57,13648.82695111817,118685,2190,0.7477194593032545
58,13158.085075887795,118450,2375,0.7439808620067382
59,13401.667679117167,118524,2390,0.7402609576967045
60,13117.520260094176,118701,2246,0.736559652908221
61,13445.882826474817,118368,2596,0.7328768546436799
62,13188.82765368995,118430,2320,0.7292124703704616
63,13413.837634283633,118403,2507,0.7255664080186093
64,13831.494616009188,118589,2401,0.7219385759785162
65,12997.20210682085,118300,2462,0.7183288830986236
66,13516.744010868968,118310,2413,0.7147372386831305
67,13546.520293638878,118510,2337,0.7111635524897149
68,13135.84497895783,118368,2510,0.7076077347272662
69,13011.174357974707,118602,2165,0.7040696960536299
70,13794.900970104274,118589,2140,0.7005493475733617
71,13096.81062123297,118728,2209,0.697046600835495
72,13316.40108291344,118746,2163,0.6935613678313175
73,13219.433291757456,118506,2385,0.6900935609921609
74,13388.01465123985,118330,2363,0.6866430931872001
75,13304.519329292558,118483,2305,0.6832098777212641
76,13701.293397944117,118607,2265,0.6797938283326578
77,13023.722643421841,118623,2379,0.6763948591909945
78,13109.102363462714,118469,2350,0.6730128848950395
79,13861.18627407025,118729,2098,0.6696478204705644
80,13288.726881727593,118568,2296,0.6662995813682115
81,13525.476656800496,118760,2165,0.6629680834613705
82,13463.63268348875,118413,2353,0.6596532430440636
83,13233.02019490131,118577,2258,0.6563549768288433
84,13801.967503831409,118488,2314,0.653073201944699
85,13436.107914045999,118508,2250,0.6498078359349755
86,12749.705886055715,118542,2235,0.6465587967553006
87,13582.341167891824,118559,2301,0.6433260027715241
88,12991.00829180286,118314,2516,0.6401093727576664
89,13432.890360722531,118639,2159,0.6369088258938781
90,13492.595733053222,118577,2279,0.6337242817644086
91,13688.63269107338,118565,2195,0.6305556603555866
92,13155.860025573658,118411,2381,0.6274028820538087
93,12867.550936960528,118476,2306,0.6242658676435396
94,13226.34995501132,118371,2206,0.6211445383053219
95,13302.376691099873,118533,2252,0.6180388156137953
96,13381.16676393954,118580,2370,0.6149486215357263
97,12900.356099891065,118631,2356,0.6118738784280476
98,13521.916134807037,118640,2253,0.6088145090359074
99,13213.764101442153,118860,2105,0.6057704364907278
100,13345.392157863284,118564,2399,0.6027415843082742
101,13850.112747621764,118799,2177,0.5997278763867329
102,13100.226087198871,118542,2322,0.5967292370047992
103,13498.81173692897,118748,2054,0.5937455908197752
104,12890.472238683476,118465,2344,0.5907768628656763
105,13266.809657513279,118742,2157,0.5878229785513479
106,13170.855431640233,118719,2172,0.5848838636585911
107,13548.410618409638,118581,2192,0.5819594443402982
108,13518.557536016013,118607,2183,0.5790496471185967
109,13177.029033621371,118607,2141,0.5761543988830038
110,13141.71129082544,118366,2347,0.5732736268885887
111,13715.632512399145,118625,2188,0.5704072587541458
112,13371.837393054171,118609,2139,0.567555222460375
113,13479.839034644938,118629,2208,0.5647174463480732
114,13609.106263589996,118731,2008,0.5618938591163328
115,13234.5428598043,118538,2239,0.5590843898207511
116,12817.26092438359,118495,2353,0.5562889678716474
117,13441.547228549081,118688,2294,0.5535075230322891
118,13225.257395898176,118769,2246,0.5507399854171277
119,13415.4384387771,118539,2193,0.547986285490042
120,13021.502759689785,118497,2345,0.5452463540625918
121,12884.747255928465,118796,2130,0.5425201222922789
122,13567.826274241803,118713,2110,0.5398075216808175
123,12891.102962274561,118499,2294,0.5371084840724134
124,13297.140824045293,118563,2284,0.5344229416520513
125,13309.858903192131,118764,2157,0.531750826943791
126,13342.102860233563,118672,2231,0.5290920728090721
127,13737.534640762353,118702,2150,0.5264466124450268
128,13447.593100692982,118585,2164,0.5238143793828016
129,13197.890004198942,118625,2253,0.5211953074858876
130,13543.35464059064,118503,2230,0.5185893309484582
131,12783.016511548432,118452,2302,0.5159963842937159
132,12989.242702733742,118392,2294,0.5134164023722473
133,12927.125703353588,118499,2316,0.510849320360386
134,13095.846529537048,118676,2200,0.5082950737585841
135,13300.632728974508,118551,2215,0.5057535983897912
136,12931.986630392305,118517,2329,0.5032248303978422
137,13293.856580306467,118444,2361,0.500708706245853
138,13395.417683209533,118616,2221,0.4982051627146237
139,13680.867691226642,118595,2092,0.49571413690105054
140,13314.631232301637,118712,2002,0.4932355662165453
141,13375.106478078358,118656,2143,0.4907693883854626
142,13689.525736562078,118517,2219,0.4883155414435353
143,13079.88301976102,118817,2156,0.4858739637363176
144,13108.162430541925,118532,2169,0.483444593917636
145,12909.365407571122,118407,2300,0.4810273709480478
146,13448.778700954812,118843,2029,0.47862223409330756
147,13408.682534938234,118846,2116,0.47622912292284103
148,13458.950372128906,118793,2202,0.4738479773082268
149,13701.918925253724,118654,2214,0.47147873742168567
150,13226.305377920417,118631,2207,0.46912134373457726
151,13245.863870302195,118516,2185,0.46677573701590436
152,13328.41445006109,118694,2048,0.46444185833082485
153,12992.448136760284,118719,2102,0.46211964903917074
154,13440.271655794751,118600,2268,0.4598090507939749
155,13218.96472825843,118479,2422,0.457510005540005
156,13132.301169759106,118276,2555,0.45522245551230495
157,12776.008296578624,118516,2353,0.4529463432347434
158,12966.748968063153,118543,2316,0.4506816115185697
159,13497.175167685462,118532,2258,0.4484282034609769
160,13500.161475747134,118634,2176,0.446186062443672
161,13436.482090971298,118447,2399,0.4439551321314536
162,12792.166289345672,118359,2513,0.4417353564707963
163,13174.493102171557,118550,2221,0.43952667968844233
164,12907.701095670713,118589,2233,0.43732904629000013
165,13776.018919256874,118422,2372,0.4351424010585501
166,13506.983919873335,118521,2264,0.43296668905325736
167,13730.788809077778,118538,2292,0.43080185560799106
168,13212.06226376231,118454,2391,0.4286478463299511
169,12764.636066018636,118403,2471,0.42650460709830135
170,13515.325360253193,118576,2294,0.42437208406280985
171,13238.761604749094,118745,2245,0.4222502236424958
172,13730.103104665252,118771,2158,0.42013897252428334
173,13609.344461611607,118822,2205,0.4180382776616619
174,13453.876309872961,118510,2271,0.4159480862733536
175,12990.890738071865,118441,2379,0.41386834584198684
176,13242.105794171512,118526,2325,0.4117990041127769
177,13906.934664940782,118867,1975,0.40974000909221303
178,12888.57446407116,118489,2205,0.40769130904675194
179,13506.907679325337,118659,2183,0.40565285250151817
180,13319.899669717985,118615,2167,0.4036245882390106
181,13219.463015740206,118674,2137,0.4016064652978155
182,13320.858323317747,118535,2438,0.3995984329713264
183,13477.407179540207,118552,2159,0.3976004408064698
184,13359.959025521679,118634,2146,0.39561243860243744
185,13435.836396296652,118527,2294,0.3936343764094253
186,13937.965003721874,118619,2097,0.39166620452737816
187,13441.251734956131,118718,2068,0.3897078735047413
188,13238.99929355223,118548,2362,0.3877593341372176
189,13817.713725931884,118825,2092,0.3858205374665315
190,12935.881349588304,118472,2270,0.38389143477919885
191,13451.300402106672,118687,2159,0.3819719776053028
192,12607.673573857197,118311,2455,0.3800621177172763
193,13141.131563560377,118662,2044,0.37816180712868996
194,13182.10108707787,118858,2007,0.37627099809304654
195,13234.800803966362,118472,2345,0.3743896431025813
196,13376.354534662165,118668,2237,0.37251769488706843
197,12758.355980568462,118458,2353,0.3706551064126331
198,13337.156934263854,118766,2107,0.36880183088056995
199,13265.50943312361,118596,2215,0.3669578217261671
